Date,Product_ID,Product_Name,Category,Selling_Price,Beginning_Stock,Units_Sold,Revenue,Ending_Stock
28/02/2022,60bad51b-32e6-4611-989a-892f63ea1721,GE 55,Doors,15000,19,3,45000,16
28/02/2022,01ffe34c-f81a-4674-8dcd-1582d59b0288,GE 53,Doors,18500,18,1,18500,17
28/02/2022,bfcd436f-18f8-4297-9931-36c1e5670d60,GE 120,Window,16000,16,5,80000,11
28/02/2022,ed89a15d-5ce2-4008-87fe-c7c2803d6c38,GE 110,Window,20000,16,3,60000,13
28/02/2022,947272da-97c7-4d73-ac89-7dcc3727aa33,GE 162,Window,18000,11,5,90000,6
28/02/2022,e34b546d-7b56-4f83-b8f7-3f27a4a89a3b,GE 108,Window,22500,14,6,135000,8
28/02/2022,c25f34c8-8678-4433-a4e1-58c99730f9ec,PD Door,Casement,13500,16,5,67500,11
28/02/2022,7f49f977-2bc6-4685-9de8-951c1a0302a5,GE 40,Casement,27500,10,2,55000,8
28/02/2022,508d4434-222f-4b32-9f5a-1476a1328abf,Top Hung,Sliding,29000,18,5,145000,13
28/02/2022,37835726-5665-42f5-8650-e32c11248a80,GE 157,Sliding,25950,15,1,25950,14
28/02/2022,8b7c8a04-4078-4c97-a4fc-0a02237b5f6a,Glass Railings,Railings,27500,8,2,55000,6
28/02/2022,a5c371f6-48a9-4ff2-bacb-ce938d78bae6,Canopy,Canopy,35500,14,2,71000,12
28/02/2022,ecafecf1-549a-464d-8d0b-f7e9f9b06758,Mullion 120,Curtain Wall,45000,12,1,45000,11
28/02/2022,12516a01-4422-47b7-baa8-cd8114dd57cd,GE 75,Door,28000,18,1,28000,17
28/02/2022,c96ec18d-fbf9-48a1-83e5-05a68a227a7f,GE 155,Door,22000,19,5,110000,14
28/02/2022,c5eda2cf-da7c-4097-905b-5e80ff178364,Shower Enclosure,Shower,16000,8,0,0,8
28/02/2022,ef6562b3-fc34-4cd4-a306-1d4378d7f9f4,GE 155,Casement,22000,9,5,110000,4
28/02/2022,c436211f-2f1e-490d-910a-376005de373e,GE 220,Casement,18000,13,3,54000,10
28/02/2022,06ccee25-8910-4179-8598-0c5c86e8dddb,GE 88,Windows,22000,15,2,44000,13
28/02/2022,6b5d7df9-72a7-4e2a-ae12-4c7b63b0ce09,GE 167,Windows,25500,13,5,127500,8
28/02/2022,735034b4-daa2-4f3b-9b0c-2271f229bf34,GE 196,Windows,21500,13,6,129000,7
28/02/2022,6b1e998e-61c8-4852-bc43-fa12ee937bed,GE 173,Windows,12500,8,1,12500,7
28/02/2022,5558231e-211d-438e-be31-b84465237df9,GE 200,Windows,25500,13,5,127500,8
28/02/2022,d81c2f9c-1458-4d24-9f9b-369e4ac32b66,GE 201,Windows,15500,19,2,31000,17
28/02/2022,c07787b4-eca4-4122-b8f8-9853c61d4345,GE 250,Windows,29500,17,3,88500,14
28/02/2022,216a269f-65f9-4c21-8b5a-aead377717f3,GE 299,Windows,24500,11,4,98000,7
28/02/2022,2ec8374c-2898-4d99-ba50-479f446fd759,GE 166,Windows,15500,15,2,31000,13
28/02/2022,8fe30126-021d-4823-a675-9e1f929f2926,GE 232,Windows,10500,18,4,42000,14
28/02/2022,f3612a9a-f658-4eaf-bb03-13b68dea493e,GE 242,Canopy,29900,9,6,179400,3
28/02/2022,8c222d94-46c7-4051-a465-ee073f50fb57,GE 139,Canopy,30900,14,3,92700,11
28/02/2022,63864ea6-eb45-4a8c-be75-51e170f483b8,GE 240,Railings,25000,16,4,100000,12
28/02/2022,12516a01-4422-47b7-baa8-cd8114dd57cd,GE 245,Railings,29000,9,0,0,9
28/02/2022,b5f2fc3d-3360-477d-829c-86ce2fc68a37,GE 246,Railings,29000,19,5,145000,14
28/02/2022,ef55b232-c0fa-4fa5-aae4-500f08643b10,GE 275,Curtain Wall,30500,18,0,0,18
28/02/2022,c96ec18d-fbf9-48a1-83e5-05a68a227a7f,GE 195,Sliding,25000,10,3,75000,7
28/02/2022,f3612a9a-f658-4eaf-bb03-13b68dea493e,GE 243,Sliding,29000,13,1,29000,12
28/02/2022,de61d4ef-b3e7-49fa-824e-e2770097cd85,GE 192,Sliding,27500,18,0,0,18
28/02/2022,fcdb2da0-0c77-44f3-8a05-d2a349b5a763,GE 75,Doors,28000,13,4,112000,9
28/02/2022,f22b8e3a-64a0-4f01-8977-721ecba85cce,GE 125,Doors,18000,16,3,54000,13
28/02/2022,86de73fe-1591-4fbe-9df5-33afede89921,GE 142,Doors,13500,9,6,81000,3
28/02/2022,94d632d2-74cd-456f-a632-cca1c5242f5e,GE 68,Doors,12000,13,3,36000,10
28/02/2022,07259106-c125-42f6-b701-0592a48bc669,GE 172,Doors,15000,16,4,60000,12
28/02/2022,04d35512-cec6-4e48-864e-4d5b6d08684d,GE 211,Doors,20000,8,6,120000,2
28/02/2022,7f66913b-cf98-4cd9-b556-8d87a7c81149,GE 89,Doors,15000,11,3,45000,8
28/02/2022,bab30b58-c96f-4634-9360-24b3d6cfed3a,GE 210,Doors,18000,8,4,72000,4
28/02/2022,50cc8925-653e-43d6-81c4-a48837225986,GE 90,Doors,18500,13,5,92500,8
28/02/2022,460012e9-0330-49a1-b02f-c89101310a7c,GE 255,Doors,20500,13,6,123000,7
28/02/2022,946c62b7-ced8-42ca-b8d7-fd8149781b85,GE 230,Doors,18500,13,3,55500,10
28/02/2022,3413b9e8-2970-4779-bb38-00b66378bf4c,GE 44,Doors,25900,12,6,155400,6
28/02/2022,9abc5851-c541-481b-b608-a8fd014cd5fe,GE 46,Doors,15500,8,4,62000,4
28/02/2023,60bad51b-32e6-4611-989a-892f63ea1721,GE 55,Doors,15000,18,3,45000,15
28/02/2023,01ffe34c-f81a-4674-8dcd-1582d59b0288,GE 53,Doors,18500,14,3,55500,11
28/02/2023,bfcd436f-18f8-4297-9931-36c1e5670d60,GE 120,Window,16000,12,5,80000,7
28/02/2023,ed89a15d-5ce2-4008-87fe-c7c2803d6c38,GE 110,Window,20000,11,3,60000,8
28/02/2023,947272da-97c7-4d73-ac89-7dcc3727aa33,GE 162,Window,18000,11,5,90000,6
28/02/2023,e34b546d-7b56-4f83-b8f7-3f27a4a89a3b,GE 108,Window,22500,10,2,45000,8
28/02/2023,c25f34c8-8678-4433-a4e1-58c99730f9ec,PD Door,Casement,13500,11,5,67500,6
28/02/2023,7f49f977-2bc6-4685-9de8-951c1a0302a5,GE 40,Casement,27500,18,6,165000,12
28/02/2023,508d4434-222f-4b32-9f5a-1476a1328abf,Top Hung,Sliding,29000,10,2,58000,8
28/02/2023,37835726-5665-42f5-8650-e32c11248a80,GE 157,Sliding,25950,9,2,51900,7
28/02/2023,8b7c8a04-4078-4c97-a4fc-0a02237b5f6a,Glass Railings,Railings,27500,11,2,55000,9
28/02/2023,a5c371f6-48a9-4ff2-bacb-ce938d78bae6,Canopy,Canopy,35500,18,4,142000,14
28/02/2023,ecafecf1-549a-464d-8d0b-f7e9f9b06758,Mullion 120,Curtain Wall,45000,14,1,45000,13
28/02/2023,12516a01-4422-47b7-baa8-cd8114dd57cd,GE 75,Door,28000,17,4,112000,13
28/02/2023,c96ec18d-fbf9-48a1-83e5-05a68a227a7f,GE 155,Door,22000,13,7,154000,6
28/02/2023,c5eda2cf-da7c-4097-905b-5e80ff178364,Shower Enclosure,Shower,16000,15,6,96000,9
28/02/2023,ef6562b3-fc34-4cd4-a306-1d4378d7f9f4,GE 155,Casement,22000,18,6,132000,12
28/02/2023,c436211f-2f1e-490d-910a-376005de373e,GE 220,Casement,18000,13,6,108000,7
28/02/2023,06ccee25-8910-4179-8598-0c5c86e8dddb,GE 88,Windows,22000,16,2,44000,14
28/02/2023,6b5d7df9-72a7-4e2a-ae12-4c7b63b0ce09,GE 167,Windows,25500,17,2,51000,15
28/02/2023,735034b4-daa2-4f3b-9b0c-2271f229bf34,GE 196,Windows,21500,17,1,21500,16
28/02/2023,6b1e998e-61c8-4852-bc43-fa12ee937bed,GE 173,Windows,12500,12,4,50000,8
28/02/2023,5558231e-211d-438e-be31-b84465237df9,GE 200,Windows,25500,10,4,102000,6
28/02/2023,d81c2f9c-1458-4d24-9f9b-369e4ac32b66,GE 201,Windows,15500,17,1,15500,16
28/02/2023,c07787b4-eca4-4122-b8f8-9853c61d4345,GE 250,Windows,29500,11,2,59000,9
28/02/2023,216a269f-65f9-4c21-8b5a-aead377717f3,GE 299,Windows,24500,9,5,122500,4
28/02/2023,2ec8374c-2898-4d99-ba50-479f446fd759,GE 166,Windows,15500,10,5,77500,5
28/02/2023,8fe30126-021d-4823-a675-9e1f929f2926,GE 232,Windows,10500,14,5,52500,9
28/02/2023,f3612a9a-f658-4eaf-bb03-13b68dea493e,GE 242,Canopy,29900,12,3,89700,9
28/02/2023,8c222d94-46c7-4051-a465-ee073f50fb57,GE 139,Canopy,30900,18,2,61800,16
28/02/2023,63864ea6-eb45-4a8c-be75-51e170f483b8,GE 240,Railings,25000,16,6,150000,10
28/02/2023,12516a01-4422-47b7-baa8-cd8114dd57cd,GE 245,Railings,29000,10,6,174000,4
28/02/2023,b5f2fc3d-3360-477d-829c-86ce2fc68a37,GE 246,Railings,29000,17,7,203000,10
28/02/2023,ef55b232-c0fa-4fa5-aae4-500f08643b10,GE 275,Curtain Wall,30500,16,1,30500,15
28/02/2023,c96ec18d-fbf9-48a1-83e5-05a68a227a7f,GE 195,Sliding,25000,15,5,125000,10
28/02/2023,f3612a9a-f658-4eaf-bb03-13b68dea493e,GE 243,Sliding,29000,11,2,58000,9
28/02/2023,de61d4ef-b3e7-49fa-824e-e2770097cd85,GE 192,Sliding,27500,14,5,137500,9
28/02/2023,fcdb2da0-0c77-44f3-8a05-d2a349b5a763,GE 75,Doors,28000,15,6,168000,9
28/02/2023,f22b8e3a-64a0-4f01-8977-721ecba85cce,GE 125,Doors,18000,10,1,18000,9
28/02/2023,86de73fe-1591-4fbe-9df5-33afede89921,GE 142,Doors,13500,18,6,81000,12
28/02/2023,94d632d2-74cd-456f-a632-cca1c5242f5e,GE 68,Doors,12000,11,5,60000,6
28/02/2023,07259106-c125-42f6-b701-0592a48bc669,GE 172,Doors,15000,9,5,75000,4
28/02/2023,04d35512-cec6-4e48-864e-4d5b6d08684d,GE 211,Doors,20000,18,5,100000,13
28/02/2023,7f66913b-cf98-4cd9-b556-8d87a7c81149,GE 89,Doors,15000,15,2,30000,13
28/02/2023,bab30b58-c96f-4634-9360-24b3d6cfed3a,GE 210,Doors,18000,19,5,90000,14
28/02/2023,50cc8925-653e-43d6-81c4-a48837225986,GE 90,Doors,18500,13,6,111000,7
28/02/2023,460012e9-0330-49a1-b02f-c89101310a7c,GE 255,Doors,20500,19,2,41000,17
28/02/2023,946c62b7-ced8-42ca-b8d7-fd8149781b85,GE 230,Doors,18500,10,2,37000,8
28/02/2023,3413b9e8-2970-4779-bb38-00b66378bf4c,GE 44,Doors,25900,11,7,181300,4
28/02/2023,9abc5851-c541-481b-b608-a8fd014cd5fe,GE 46,Doors,15500,11,5,77500,6
28/02/2025,60bad51b-32e6-4611-989a-892f63ea1721,GE 55,Doors,15000,17,6,90000,11
28/02/2025,01ffe34c-f81a-4674-8dcd-1582d59b0288,GE 53,Doors,18500,19,8,148000,11
28/02/2025,bfcd436f-18f8-4297-9931-36c1e5670d60,GE 120,Window,16000,9,9,144000,0
28/02/2025,ed89a15d-5ce2-4008-87fe-c7c2803d6c38,GE 110,Window,20000,16,2,40000,14
28/02/2025,947272da-97c7-4d73-ac89-7dcc3727aa33,GE 162,Window,18000,12,6,108000,6
28/02/2025,e34b546d-7b56-4f83-b8f7-3f27a4a89a3b,GE 108,Window,22500,18,1,22500,17
28/02/2025,c25f34c8-8678-4433-a4e1-58c99730f9ec,PD Door,Casement,13500,19,6,81000,13
28/02/2025,7f49f977-2bc6-4685-9de8-951c1a0302a5,GE 40,Casement,27500,12,2,55000,10
28/02/2025,508d4434-222f-4b32-9f5a-1476a1328abf,Top Hung,Sliding,29000,12,5,145000,7
28/02/2025,37835726-5665-42f5-8650-e32c11248a80,GE 157,Sliding,25950,10,4,103800,6
28/02/2025,8b7c8a04-4078-4c97-a4fc-0a02237b5f6a,Glass Railings,Railings,27500,13,8,220000,5
28/02/2025,a5c371f6-48a9-4ff2-bacb-ce938d78bae6,Canopy,Canopy,35500,19,3,106500,16
28/02/2025,ecafecf1-549a-464d-8d0b-f7e9f9b06758,Mullion 120,Curtain Wall,45000,18,5,225000,13
28/02/2025,12516a01-4422-47b7-baa8-cd8114dd57cd,GE 75,Door,28000,11,1,28000,10
28/02/2025,c96ec18d-fbf9-48a1-83e5-05a68a227a7f,GE 155,Door,22000,15,7,154000,8
28/02/2025,c5eda2cf-da7c-4097-905b-5e80ff178364,Shower Enclosure,Shower,16000,13,3,48000,10
28/02/2025,ef6562b3-fc34-4cd4-a306-1d4378d7f9f4,GE 155,Casement,22000,16,7,154000,9
28/02/2025,c436211f-2f1e-490d-910a-376005de373e,GE 220,Casement,18000,14,5,90000,9
28/02/2025,06ccee25-8910-4179-8598-0c5c86e8dddb,GE 88,Windows,22000,10,1,22000,9
28/02/2025,6b5d7df9-72a7-4e2a-ae12-4c7b63b0ce09,GE 167,Windows,25500,13,7,178500,6
28/02/2025,735034b4-daa2-4f3b-9b0c-2271f229bf34,GE 196,Windows,21500,17,7,150500,10
28/02/2025,6b1e998e-61c8-4852-bc43-fa12ee937bed,GE 173,Windows,12500,17,4,50000,13
28/02/2025,5558231e-211d-438e-be31-b84465237df9,GE 200,Windows,25500,14,6,153000,8
28/02/2025,d81c2f9c-1458-4d24-9f9b-369e4ac32b66,GE 201,Windows,15500,10,4,62000,6
28/02/2025,c07787b4-eca4-4122-b8f8-9853c61d4345,GE 250,Windows,29500,10,8,236000,2
28/02/2025,216a269f-65f9-4c21-8b5a-aead377717f3,GE 299,Windows,24500,13,8,196000,5
28/02/2025,2ec8374c-2898-4d99-ba50-479f446fd759,GE 166,Windows,15500,10,2,31000,8
28/02/2025,8fe30126-021d-4823-a675-9e1f929f2926,GE 232,Windows,10500,11,3,31500,8
28/02/2025,f3612a9a-f658-4eaf-bb03-13b68dea493e,GE 242,Canopy,29900,15,8,239200,7
28/02/2025,8c222d94-46c7-4051-a465-ee073f50fb57,GE 139,Canopy,30900,16,5,154500,11
28/02/2025,63864ea6-eb45-4a8c-be75-51e170f483b8,GE 240,Railings,25000,12,1,25000,11
28/02/2025,12516a01-4422-47b7-baa8-cd8114dd57cd,GE 245,Railings,29000,14,9,261000,5
28/02/2025,b5f2fc3d-3360-477d-829c-86ce2fc68a37,GE 246,Railings,29000,13,1,29000,12
28/02/2025,ef55b232-c0fa-4fa5-aae4-500f08643b10,GE 275,Curtain Wall,30500,8,3,91500,5
28/02/2025,c96ec18d-fbf9-48a1-83e5-05a68a227a7f,GE 195,Sliding,25000,15,1,25000,14
28/02/2025,f3612a9a-f658-4eaf-bb03-13b68dea493e,GE 243,Sliding,29000,19,1,29000,18
28/02/2025,de61d4ef-b3e7-49fa-824e-e2770097cd85,GE 192,Sliding,27500,17,8,220000,9
28/02/2025,fcdb2da0-0c77-44f3-8a05-d2a349b5a763,GE 75,Doors,28000,16,5,140000,11
28/02/2025,f22b8e3a-64a0-4f01-8977-721ecba85cce,GE 125,Doors,18000,18,9,162000,9
28/02/2025,86de73fe-1591-4fbe-9df5-33afede89921,GE 142,Doors,13500,18,1,13500,17
28/02/2025,94d632d2-74cd-456f-a632-cca1c5242f5e,GE 68,Doors,12000,18,8,96000,10
28/02/2025,07259106-c125-42f6-b701-0592a48bc669,GE 172,Doors,15000,18,5,75000,13
28/02/2025,04d35512-cec6-4e48-864e-4d5b6d08684d,GE 211,Doors,20000,19,4,80000,15
28/02/2025,7f66913b-cf98-4cd9-b556-8d87a7c81149,GE 89,Doors,15000,16,5,75000,11
28/02/2025,bab30b58-c96f-4634-9360-24b3d6cfed3a,GE 210,Doors,18000,11,9,162000,2
28/02/2025,50cc8925-653e-43d6-81c4-a48837225986,GE 90,Doors,18500,10,2,37000,8
28/02/2025,460012e9-0330-49a1-b02f-c89101310a7c,GE 255,Doors,20500,15,8,164000,7
28/02/2025,946c62b7-ced8-42ca-b8d7-fd8149781b85,GE 230,Doors,18500,12,1,18500,11
28/02/2025,3413b9e8-2970-4779-bb38-00b66378bf4c,GE 44,Doors,25900,9,3,77700,6
28/02/2025,9abc5851-c541-481b-b608-a8fd014cd5fe,GE 46,Doors,15500,14,7,108500,7
28/02/2026,60bad51b-32e6-4611-989a-892f63ea1721,GE 55,Doors,15000,12,3,45000,9
28/02/2026,01ffe34c-f81a-4674-8dcd-1582d59b0288,GE 53,Doors,18500,14,6,111000,8
28/02/2026,bfcd436f-18f8-4297-9931-36c1e5670d60,GE 120,Window,16000,12,5,80000,7
28/02/2026,ed89a15d-5ce2-4008-87fe-c7c2803d6c38,GE 110,Window,20000,8,5,100000,3
28/02/2026,947272da-97c7-4d73-ac89-7dcc3727aa33,GE 162,Window,18000,13,5,90000,8
28/02/2026,e34b546d-7b56-4f83-b8f7-3f27a4a89a3b,GE 108,Window,22500,16,3,67500,13
28/02/2026,c25f34c8-8678-4433-a4e1-58c99730f9ec,PD Door,Casement,13500,12,4,54000,8
28/02/2026,7f49f977-2bc6-4685-9de8-951c1a0302a5,GE 40,Casement,27500,18,7,192500,11
28/02/2026,508d4434-222f-4b32-9f5a-1476a1328abf,Top Hung,Sliding,29000,12,5,145000,7
28/02/2026,37835726-5665-42f5-8650-e32c11248a80,GE 157,Sliding,25950,11,6,155700,5
28/02/2026,8b7c8a04-4078-4c97-a4fc-0a02237b5f6a,Glass Railings,Railings,27500,9,1,27500,8
28/02/2026,a5c371f6-48a9-4ff2-bacb-ce938d78bae6,Canopy,Canopy,35500,9,7,248500,2
28/02/2026,ecafecf1-549a-464d-8d0b-f7e9f9b06758,Mullion 120,Curtain Wall,45000,19,6,270000,13
28/02/2026,12516a01-4422-47b7-baa8-cd8114dd57cd,GE 75,Door,28000,12,1,28000,11
28/02/2026,c96ec18d-fbf9-48a1-83e5-05a68a227a7f,GE 155,Door,22000,10,1,22000,9
28/02/2026,c5eda2cf-da7c-4097-905b-5e80ff178364,Shower Enclosure,Shower,16000,8,7,112000,1
28/02/2026,ef6562b3-fc34-4cd4-a306-1d4378d7f9f4,GE 155,Casement,22000,18,1,22000,17
28/02/2026,c436211f-2f1e-490d-910a-376005de373e,GE 220,Casement,18000,14,2,36000,12
28/02/2026,06ccee25-8910-4179-8598-0c5c86e8dddb,GE 88,Windows,22000,11,2,44000,9
28/02/2026,6b5d7df9-72a7-4e2a-ae12-4c7b63b0ce09,GE 167,Windows,25500,10,5,127500,5
28/02/2026,735034b4-daa2-4f3b-9b0c-2271f229bf34,GE 196,Windows,21500,11,6,129000,5
28/02/2026,6b1e998e-61c8-4852-bc43-fa12ee937bed,GE 173,Windows,12500,14,5,62500,9
28/02/2026,5558231e-211d-438e-be31-b84465237df9,GE 200,Windows,25500,8,3,76500,5
28/02/2026,d81c2f9c-1458-4d24-9f9b-369e4ac32b66,GE 201,Windows,15500,17,4,62000,13
28/02/2026,c07787b4-eca4-4122-b8f8-9853c61d4345,GE 250,Windows,29500,17,1,29500,16
28/02/2026,216a269f-65f9-4c21-8b5a-aead377717f3,GE 299,Windows,24500,11,6,147000,5
28/02/2026,2ec8374c-2898-4d99-ba50-479f446fd759,GE 166,Windows,15500,16,8,124000,8
28/02/2026,8fe30126-021d-4823-a675-9e1f929f2926,GE 232,Windows,10500,16,9,94500,7
28/02/2026,f3612a9a-f658-4eaf-bb03-13b68dea493e,GE 242,Canopy,29900,11,0,0,11
28/02/2026,8c222d94-46c7-4051-a465-ee073f50fb57,GE 139,Canopy,30900,8,6,185400,2
28/02/2026,63864ea6-eb45-4a8c-be75-51e170f483b8,GE 240,Railings,25000,18,10,250000,8
28/02/2026,12516a01-4422-47b7-baa8-cd8114dd57cd,GE 245,Railings,29000,9,8,232000,1
28/02/2026,b5f2fc3d-3360-477d-829c-86ce2fc68a37,GE 246,Railings,29000,13,8,232000,5
28/02/2026,ef55b232-c0fa-4fa5-aae4-500f08643b10,GE 275,Curtain Wall,30500,17,6,183000,11
28/02/2026,c96ec18d-fbf9-48a1-83e5-05a68a227a7f,GE 195,Sliding,25000,16,1,25000,15
28/02/2026,f3612a9a-f658-4eaf-bb03-13b68dea493e,GE 243,Sliding,29000,11,9,261000,2
28/02/2026,de61d4ef-b3e7-49fa-824e-e2770097cd85,GE 192,Sliding,27500,11,6,165000,5
28/02/2026,fcdb2da0-0c77-44f3-8a05-d2a349b5a763,GE 75,Doors,28000,9,6,168000,3
28/02/2026,f22b8e3a-64a0-4f01-8977-721ecba85cce,GE 125,Doors,18000,12,8,144000,4
28/02/2026,86de73fe-1591-4fbe-9df5-33afede89921,GE 142,Doors,13500,8,8,108000,0
28/02/2026,94d632d2-74cd-456f-a632-cca1c5242f5e,GE 68,Doors,12000,9,6,72000,3
28/02/2026,07259106-c125-42f6-b701-0592a48bc669,GE 172,Doors,15000,17,1,15000,16
28/02/2026,04d35512-cec6-4e48-864e-4d5b6d08684d,GE 211,Doors,20000,16,3,60000,13
28/02/2026,7f66913b-cf98-4cd9-b556-8d87a7c81149,GE 89,Doors,15000,10,9,135000,1
28/02/2026,bab30b58-c96f-4634-9360-24b3d6cfed3a,GE 210,Doors,18000,10,8,144000,2
28/02/2026,50cc8925-653e-43d6-81c4-a48837225986,GE 90,Doors,18500,10,1,18500,9
28/02/2026,460012e9-0330-49a1-b02f-c89101310a7c,GE 255,Doors,20500,13,1,20500,12
28/02/2026,946c62b7-ced8-42ca-b8d7-fd8149781b85,GE 230,Doors,18500,19,2,37000,17
28/02/2026,3413b9e8-2970-4779-bb38-00b66378bf4c,GE 44,Doors,25900,12,2,51800,10
28/02/2026,9abc5851-c541-481b-b608-a8fd014cd5fe,GE 46,Doors,15500,17,4,62000,13
29/02/2024,60bad51b-32e6-4611-989a-892f63ea1721,GE 55,Doors,15000,12,5,75000,7
29/02/2024,01ffe34c-f81a-4674-8dcd-1582d59b0288,GE 53,Doors,18500,12,7,129500,5
29/02/2024,bfcd436f-18f8-4297-9931-36c1e5670d60,GE 120,Window,16000,16,1,16000,15
29/02/2024,ed89a15d-5ce2-4008-87fe-c7c2803d6c38,GE 110,Window,20000,19,7,140000,12
29/02/2024,947272da-97c7-4d73-ac89-7dcc3727aa33,GE 162,Window,18000,16,2,36000,14
29/02/2024,e34b546d-7b56-4f83-b8f7-3f27a4a89a3b,GE 108,Window,22500,14,6,135000,8
29/02/2024,c25f34c8-8678-4433-a4e1-58c99730f9ec,PD Door,Casement,13500,11,4,54000,7
29/02/2024,7f49f977-2bc6-4685-9de8-951c1a0302a5,GE 40,Casement,27500,13,5,137500,8
29/02/2024,508d4434-222f-4b32-9f5a-1476a1328abf,Top Hung,Sliding,29000,13,4,116000,9
29/02/2024,37835726-5665-42f5-8650-e32c11248a80,GE 157,Sliding,25950,16,7,181650,9
29/02/2024,8b7c8a04-4078-4c97-a4fc-0a02237b5f6a,Glass Railings,Railings,27500,17,2,55000,15
29/02/2024,a5c371f6-48a9-4ff2-bacb-ce938d78bae6,Canopy,Canopy,35500,12,1,35500,11
29/02/2024,ecafecf1-549a-464d-8d0b-f7e9f9b06758,Mullion 120,Curtain Wall,45000,10,7,315000,3
29/02/2024,12516a01-4422-47b7-baa8-cd8114dd57cd,GE 75,Door,28000,18,7,196000,11
29/02/2024,c96ec18d-fbf9-48a1-83e5-05a68a227a7f,GE 155,Door,22000,15,7,154000,8
29/02/2024,c5eda2cf-da7c-4097-905b-5e80ff178364,Shower Enclosure,Shower,16000,12,1,16000,11
29/02/2024,ef6562b3-fc34-4cd4-a306-1d4378d7f9f4,GE 155,Casement,22000,14,2,44000,12
29/02/2024,c436211f-2f1e-490d-910a-376005de373e,GE 220,Casement,18000,18,2,36000,16
29/02/2024,06ccee25-8910-4179-8598-0c5c86e8dddb,GE 88,Windows,22000,16,1,22000,15
29/02/2024,6b5d7df9-72a7-4e2a-ae12-4c7b63b0ce09,GE 167,Windows,25500,17,7,178500,10
29/02/2024,735034b4-daa2-4f3b-9b0c-2271f229bf34,GE 196,Windows,21500,11,5,107500,6
29/02/2024,6b1e998e-61c8-4852-bc43-fa12ee937bed,GE 173,Windows,12500,18,6,75000,12
29/02/2024,5558231e-211d-438e-be31-b84465237df9,GE 200,Windows,25500,8,1,25500,7
29/02/2024,d81c2f9c-1458-4d24-9f9b-369e4ac32b66,GE 201,Windows,15500,10,5,77500,5
29/02/2024,c07787b4-eca4-4122-b8f8-9853c61d4345,GE 250,Windows,29500,15,2,59000,13
29/02/2024,216a269f-65f9-4c21-8b5a-aead377717f3,GE 299,Windows,24500,14,4,98000,10
29/02/2024,2ec8374c-2898-4d99-ba50-479f446fd759,GE 166,Windows,15500,14,2,31000,12
29/02/2024,8fe30126-021d-4823-a675-9e1f929f2926,GE 232,Windows,10500,16,1,10500,15
29/02/2024,f3612a9a-f658-4eaf-bb03-13b68dea493e,GE 242,Canopy,29900,16,5,149500,11
29/02/2024,8c222d94-46c7-4051-a465-ee073f50fb57,GE 139,Canopy,30900,13,8,247200,5
29/02/2024,63864ea6-eb45-4a8c-be75-51e170f483b8,GE 240,Railings,25000,12,3,75000,9
29/02/2024,12516a01-4422-47b7-baa8-cd8114dd57cd,GE 245,Railings,29000,8,5,145000,3
29/02/2024,b5f2fc3d-3360-477d-829c-86ce2fc68a37,GE 246,Railings,29000,14,1,29000,13
29/02/2024,ef55b232-c0fa-4fa5-aae4-500f08643b10,GE 275,Curtain Wall,30500,17,5,152500,12
29/02/2024,c96ec18d-fbf9-48a1-83e5-05a68a227a7f,GE 195,Sliding,25000,11,2,50000,9
29/02/2024,f3612a9a-f658-4eaf-bb03-13b68dea493e,GE 243,Sliding,29000,18,4,116000,14
29/02/2024,de61d4ef-b3e7-49fa-824e-e2770097cd85,GE 192,Sliding,27500,17,1,27500,16
29/02/2024,fcdb2da0-0c77-44f3-8a05-d2a349b5a763,GE 75,Doors,28000,14,5,140000,9
29/02/2024,f22b8e3a-64a0-4f01-8977-721ecba85cce,GE 125,Doors,18000,10,7,126000,3
29/02/2024,86de73fe-1591-4fbe-9df5-33afede89921,GE 142,Doors,13500,8,3,40500,5
29/02/2024,94d632d2-74cd-456f-a632-cca1c5242f5e,GE 68,Doors,12000,12,3,36000,9
29/02/2024,07259106-c125-42f6-b701-0592a48bc669,GE 172,Doors,15000,15,7,105000,8
29/02/2024,04d35512-cec6-4e48-864e-4d5b6d08684d,GE 211,Doors,20000,10,3,60000,7
29/02/2024,7f66913b-cf98-4cd9-b556-8d87a7c81149,GE 89,Doors,15000,18,4,60000,14
29/02/2024,bab30b58-c96f-4634-9360-24b3d6cfed3a,GE 210,Doors,18000,11,5,90000,6
29/02/2024,50cc8925-653e-43d6-81c4-a48837225986,GE 90,Doors,18500,9,8,148000,1
29/02/2024,460012e9-0330-49a1-b02f-c89101310a7c,GE 255,Doors,20500,12,8,164000,4
29/02/2024,946c62b7-ced8-42ca-b8d7-fd8149781b85,GE 230,Doors,18500,10,2,37000,8
29/02/2024,3413b9e8-2970-4779-bb38-00b66378bf4c,GE 44,Doors,25900,10,3,77700,7
29/02/2024,9abc5851-c541-481b-b608-a8fd014cd5fe,GE 46,Doors,15500,15,4,62000,11
30/04/2022,60bad51b-32e6-4611-989a-892f63ea1721,GE 55,Doors,15000,9,3,45000,6
30/04/2022,01ffe34c-f81a-4674-8dcd-1582d59b0288,GE 53,Doors,18500,8,5,92500,3
30/04/2022,bfcd436f-18f8-4297-9931-36c1e5670d60,GE 120,Window,16000,12,4,64000,8
30/04/2022,ed89a15d-5ce2-4008-87fe-c7c2803d6c38,GE 110,Window,20000,8,1,20000,7
30/04/2022,947272da-97c7-4d73-ac89-7dcc3727aa33,GE 162,Window,18000,19,5,90000,14
30/04/2022,e34b546d-7b56-4f83-b8f7-3f27a4a89a3b,GE 108,Window,22500,10,2,45000,8
30/04/2022,c25f34c8-8678-4433-a4e1-58c99730f9ec,PD Door,Casement,13500,8,2,27000,6
30/04/2022,7f49f977-2bc6-4685-9de8-951c1a0302a5,GE 40,Casement,27500,17,1,27500,16
30/04/2022,508d4434-222f-4b32-9f5a-1476a1328abf,Top Hung,Sliding,29000,9,3,87000,6
30/04/2022,37835726-5665-42f5-8650-e32c11248a80,GE 157,Sliding,25950,11,2,51900,9
30/04/2022,8b7c8a04-4078-4c97-a4fc-0a02237b5f6a,Glass Railings,Railings,27500,18,4,110000,14
30/04/2022,a5c371f6-48a9-4ff2-bacb-ce938d78bae6,Canopy,Canopy,35500,16,6,213000,10
30/04/2022,ecafecf1-549a-464d-8d0b-f7e9f9b06758,Mullion 120,Curtain Wall,45000,11,2,90000,9
30/04/2022,12516a01-4422-47b7-baa8-cd8114dd57cd,GE 75,Door,28000,15,3,84000,12
30/04/2022,c96ec18d-fbf9-48a1-83e5-05a68a227a7f,GE 155,Door,22000,11,2,44000,9
30/04/2022,c5eda2cf-da7c-4097-905b-5e80ff178364,Shower Enclosure,Shower,16000,15,6,96000,9
30/04/2022,ef6562b3-fc34-4cd4-a306-1d4378d7f9f4,GE 155,Casement,22000,19,1,22000,18
30/04/2022,c436211f-2f1e-490d-910a-376005de373e,GE 220,Casement,18000,14,1,18000,13
30/04/2022,06ccee25-8910-4179-8598-0c5c86e8dddb,GE 88,Windows,22000,8,1,22000,7
30/04/2022,6b5d7df9-72a7-4e2a-ae12-4c7b63b0ce09,GE 167,Windows,25500,16,6,153000,10
30/04/2022,735034b4-daa2-4f3b-9b0c-2271f229bf34,GE 196,Windows,21500,10,0,0,10
30/04/2022,6b1e998e-61c8-4852-bc43-fa12ee937bed,GE 173,Windows,12500,16,2,25000,14
30/04/2022,5558231e-211d-438e-be31-b84465237df9,GE 200,Windows,25500,14,4,102000,10
30/04/2022,d81c2f9c-1458-4d24-9f9b-369e4ac32b66,GE 201,Windows,15500,11,3,46500,8
30/04/2022,c07787b4-eca4-4122-b8f8-9853c61d4345,GE 250,Windows,29500,12,5,147500,7
30/04/2022,216a269f-65f9-4c21-8b5a-aead377717f3,GE 299,Windows,24500,16,4,98000,12
30/04/2022,2ec8374c-2898-4d99-ba50-479f446fd759,GE 166,Windows,15500,11,5,77500,6
30/04/2022,8fe30126-021d-4823-a675-9e1f929f2926,GE 232,Windows,10500,16,6,63000,10
30/04/2022,f3612a9a-f658-4eaf-bb03-13b68dea493e,GE 242,Canopy,29900,17,6,179400,11
30/04/2022,8c222d94-46c7-4051-a465-ee073f50fb57,GE 139,Canopy,30900,12,3,92700,9
30/04/2022,63864ea6-eb45-4a8c-be75-51e170f483b8,GE 240,Railings,25000,18,2,50000,16
30/04/2022,12516a01-4422-47b7-baa8-cd8114dd57cd,GE 245,Railings,29000,19,1,29000,18
30/04/2022,b5f2fc3d-3360-477d-829c-86ce2fc68a37,GE 246,Railings,29000,19,0,0,19
30/04/2022,ef55b232-c0fa-4fa5-aae4-500f08643b10,GE 275,Curtain Wall,30500,14,6,183000,8
30/04/2022,c96ec18d-fbf9-48a1-83e5-05a68a227a7f,GE 195,Sliding,25000,17,1,25000,16
30/04/2022,f3612a9a-f658-4eaf-bb03-13b68dea493e,GE 243,Sliding,29000,17,1,29000,16
30/04/2022,de61d4ef-b3e7-49fa-824e-e2770097cd85,GE 192,Sliding,27500,12,7,192500,5
30/04/2022,fcdb2da0-0c77-44f3-8a05-d2a349b5a763,GE 75,Doors,28000,8,7,196000,1
30/04/2022,f22b8e3a-64a0-4f01-8977-721ecba85cce,GE 125,Doors,18000,14,1,18000,13
30/04/2022,86de73fe-1591-4fbe-9df5-33afede89921,GE 142,Doors,13500,11,6,81000,5
30/04/2022,94d632d2-74cd-456f-a632-cca1c5242f5e,GE 68,Doors,12000,10,5,60000,5
30/04/2022,07259106-c125-42f6-b701-0592a48bc669,GE 172,Doors,15000,14,3,45000,11
30/04/2022,04d35512-cec6-4e48-864e-4d5b6d08684d,GE 211,Doors,20000,10,6,120000,4
30/04/2022,7f66913b-cf98-4cd9-b556-8d87a7c81149,GE 89,Doors,15000,9,4,60000,5
30/04/2022,bab30b58-c96f-4634-9360-24b3d6cfed3a,GE 210,Doors,18000,11,4,72000,7
30/04/2022,50cc8925-653e-43d6-81c4-a48837225986,GE 90,Doors,18500,16,1,18500,15
30/04/2022,460012e9-0330-49a1-b02f-c89101310a7c,GE 255,Doors,20500,19,6,123000,13
30/04/2022,946c62b7-ced8-42ca-b8d7-fd8149781b85,GE 230,Doors,18500,19,0,0,19
30/04/2022,3413b9e8-2970-4779-bb38-00b66378bf4c,GE 44,Doors,25900,8,6,155400,2
30/04/2022,9abc5851-c541-481b-b608-a8fd014cd5fe,GE 46,Doors,15500,17,4,62000,13
30/04/2023,60bad51b-32e6-4611-989a-892f63ea1721,GE 55,Doors,15000,12,2,30000,10
30/04/2023,01ffe34c-f81a-4674-8dcd-1582d59b0288,GE 53,Doors,18500,15,5,92500,10
30/04/2023,bfcd436f-18f8-4297-9931-36c1e5670d60,GE 120,Window,16000,12,2,32000,10
30/04/2023,ed89a15d-5ce2-4008-87fe-c7c2803d6c38,GE 110,Window,20000,12,6,120000,6
30/04/2023,947272da-97c7-4d73-ac89-7dcc3727aa33,GE 162,Window,18000,11,1,18000,10
30/04/2023,e34b546d-7b56-4f83-b8f7-3f27a4a89a3b,GE 108,Window,22500,19,3,67500,16
30/04/2023,c25f34c8-8678-4433-a4e1-58c99730f9ec,PD Door,Casement,13500,11,6,81000,5
30/04/2023,7f49f977-2bc6-4685-9de8-951c1a0302a5,GE 40,Casement,27500,11,2,55000,9
30/04/2023,508d4434-222f-4b32-9f5a-1476a1328abf,Top Hung,Sliding,29000,19,2,58000,17
30/04/2023,37835726-5665-42f5-8650-e32c11248a80,GE 157,Sliding,25950,16,5,129750,11
30/04/2023,8b7c8a04-4078-4c97-a4fc-0a02237b5f6a,Glass Railings,Railings,27500,13,2,55000,11
30/04/2023,a5c371f6-48a9-4ff2-bacb-ce938d78bae6,Canopy,Canopy,35500,8,1,35500,7
30/04/2023,ecafecf1-549a-464d-8d0b-f7e9f9b06758,Mullion 120,Curtain Wall,45000,15,1,45000,14
30/04/2023,12516a01-4422-47b7-baa8-cd8114dd57cd,GE 75,Door,28000,9,4,112000,5
30/04/2023,c96ec18d-fbf9-48a1-83e5-05a68a227a7f,GE 155,Door,22000,8,2,44000,6
30/04/2023,c5eda2cf-da7c-4097-905b-5e80ff178364,Shower Enclosure,Shower,16000,19,6,96000,13
30/04/2023,ef6562b3-fc34-4cd4-a306-1d4378d7f9f4,GE 155,Casement,22000,14,2,44000,12
30/04/2023,c436211f-2f1e-490d-910a-376005de373e,GE 220,Casement,18000,13,1,18000,12
30/04/2023,06ccee25-8910-4179-8598-0c5c86e8dddb,GE 88,Windows,22000,19,5,110000,14
30/04/2023,6b5d7df9-72a7-4e2a-ae12-4c7b63b0ce09,GE 167,Windows,25500,19,1,25500,18
30/04/2023,735034b4-daa2-4f3b-9b0c-2271f229bf34,GE 196,Windows,21500,15,5,107500,10
30/04/2023,6b1e998e-61c8-4852-bc43-fa12ee937bed,GE 173,Windows,12500,14,3,37500,11
30/04/2023,5558231e-211d-438e-be31-b84465237df9,GE 200,Windows,25500,10,3,76500,7
30/04/2023,d81c2f9c-1458-4d24-9f9b-369e4ac32b66,GE 201,Windows,15500,12,5,77500,7
30/04/2023,c07787b4-eca4-4122-b8f8-9853c61d4345,GE 250,Windows,29500,17,8,236000,9
30/04/2023,216a269f-65f9-4c21-8b5a-aead377717f3,GE 299,Windows,24500,11,3,73500,8
30/04/2023,2ec8374c-2898-4d99-ba50-479f446fd759,GE 166,Windows,15500,19,3,46500,16
30/04/2023,8fe30126-021d-4823-a675-9e1f929f2926,GE 232,Windows,10500,12,6,63000,6
30/04/2023,f3612a9a-f658-4eaf-bb03-13b68dea493e,GE 242,Canopy,29900,15,2,59800,13
30/04/2023,8c222d94-46c7-4051-a465-ee073f50fb57,GE 139,Canopy,30900,19,1,30900,18
30/04/2023,63864ea6-eb45-4a8c-be75-51e170f483b8,GE 240,Railings,25000,15,1,25000,14
30/04/2023,12516a01-4422-47b7-baa8-cd8114dd57cd,GE 245,Railings,29000,9,3,87000,6
30/04/2023,b5f2fc3d-3360-477d-829c-86ce2fc68a37,GE 246,Railings,29000,11,6,174000,5
30/04/2023,ef55b232-c0fa-4fa5-aae4-500f08643b10,GE 275,Curtain Wall,30500,16,2,61000,14
30/04/2023,c96ec18d-fbf9-48a1-83e5-05a68a227a7f,GE 195,Sliding,25000,9,2,50000,7
30/04/2023,f3612a9a-f658-4eaf-bb03-13b68dea493e,GE 243,Sliding,29000,19,4,116000,15
30/04/2023,de61d4ef-b3e7-49fa-824e-e2770097cd85,GE 192,Sliding,27500,13,6,165000,7
30/04/2023,fcdb2da0-0c77-44f3-8a05-d2a349b5a763,GE 75,Doors,28000,19,2,56000,17
30/04/2023,f22b8e3a-64a0-4f01-8977-721ecba85cce,GE 125,Doors,18000,8,2,36000,6
30/04/2023,86de73fe-1591-4fbe-9df5-33afede89921,GE 142,Doors,13500,16,3,40500,13
30/04/2023,94d632d2-74cd-456f-a632-cca1c5242f5e,GE 68,Doors,12000,17,1,12000,16
30/04/2023,07259106-c125-42f6-b701-0592a48bc669,GE 172,Doors,15000,11,8,120000,3
30/04/2023,04d35512-cec6-4e48-864e-4d5b6d08684d,GE 211,Doors,20000,19,4,80000,15
30/04/2023,7f66913b-cf98-4cd9-b556-8d87a7c81149,GE 89,Doors,15000,15,5,75000,10
30/04/2023,bab30b58-c96f-4634-9360-24b3d6cfed3a,GE 210,Doors,18000,14,1,18000,13
30/04/2023,50cc8925-653e-43d6-81c4-a48837225986,GE 90,Doors,18500,9,6,111000,3
30/04/2023,460012e9-0330-49a1-b02f-c89101310a7c,GE 255,Doors,20500,12,7,143500,5
30/04/2023,946c62b7-ced8-42ca-b8d7-fd8149781b85,GE 230,Doors,18500,15,7,129500,8
30/04/2023,3413b9e8-2970-4779-bb38-00b66378bf4c,GE 44,Doors,25900,19,3,77700,16
30/04/2023,9abc5851-c541-481b-b608-a8fd014cd5fe,GE 46,Doors,15500,13,3,46500,10
30/04/2024,60bad51b-32e6-4611-989a-892f63ea1721,GE 55,Doors,15000,10,8,120000,2
30/04/2024,01ffe34c-f81a-4674-8dcd-1582d59b0288,GE 53,Doors,18500,18,2,37000,16
30/04/2024,bfcd436f-18f8-4297-9931-36c1e5670d60,GE 120,Window,16000,14,2,32000,12
30/04/2024,ed89a15d-5ce2-4008-87fe-c7c2803d6c38,GE 110,Window,20000,10,5,100000,5
30/04/2024,947272da-97c7-4d73-ac89-7dcc3727aa33,GE 162,Window,18000,15,7,126000,8
30/04/2024,e34b546d-7b56-4f83-b8f7-3f27a4a89a3b,GE 108,Window,22500,13,1,22500,12
30/04/2024,c25f34c8-8678-4433-a4e1-58c99730f9ec,PD Door,Casement,13500,18,7,94500,11
30/04/2024,7f49f977-2bc6-4685-9de8-951c1a0302a5,GE 40,Casement,27500,17,1,27500,16
30/04/2024,508d4434-222f-4b32-9f5a-1476a1328abf,Top Hung,Sliding,29000,13,4,116000,9
30/04/2024,37835726-5665-42f5-8650-e32c11248a80,GE 157,Sliding,25950,8,5,129750,3
30/04/2024,8b7c8a04-4078-4c97-a4fc-0a02237b5f6a,Glass Railings,Railings,27500,13,6,165000,7
30/04/2024,a5c371f6-48a9-4ff2-bacb-ce938d78bae6,Canopy,Canopy,35500,15,3,106500,12
30/04/2024,ecafecf1-549a-464d-8d0b-f7e9f9b06758,Mullion 120,Curtain Wall,45000,17,4,180000,13
30/04/2024,12516a01-4422-47b7-baa8-cd8114dd57cd,GE 75,Door,28000,13,2,56000,11
30/04/2024,c96ec18d-fbf9-48a1-83e5-05a68a227a7f,GE 155,Door,22000,9,4,88000,5
30/04/2024,c5eda2cf-da7c-4097-905b-5e80ff178364,Shower Enclosure,Shower,16000,19,2,32000,17
30/04/2024,ef6562b3-fc34-4cd4-a306-1d4378d7f9f4,GE 155,Casement,22000,13,4,88000,9
30/04/2024,c436211f-2f1e-490d-910a-376005de373e,GE 220,Casement,18000,11,8,144000,3
30/04/2024,06ccee25-8910-4179-8598-0c5c86e8dddb,GE 88,Windows,22000,18,6,132000,12
30/04/2024,6b5d7df9-72a7-4e2a-ae12-4c7b63b0ce09,GE 167,Windows,25500,19,1,25500,18
30/04/2024,735034b4-daa2-4f3b-9b0c-2271f229bf34,GE 196,Windows,21500,13,2,43000,11
30/04/2024,6b1e998e-61c8-4852-bc43-fa12ee937bed,GE 173,Windows,12500,13,7,87500,6
30/04/2024,5558231e-211d-438e-be31-b84465237df9,GE 200,Windows,25500,12,0,0,12
30/04/2024,d81c2f9c-1458-4d24-9f9b-369e4ac32b66,GE 201,Windows,15500,12,2,31000,10
30/04/2024,c07787b4-eca4-4122-b8f8-9853c61d4345,GE 250,Windows,29500,11,3,88500,8
30/04/2024,216a269f-65f9-4c21-8b5a-aead377717f3,GE 299,Windows,24500,12,1,24500,11
30/04/2024,2ec8374c-2898-4d99-ba50-479f446fd759,GE 166,Windows,15500,19,4,62000,15
30/04/2024,8fe30126-021d-4823-a675-9e1f929f2926,GE 232,Windows,10500,14,1,10500,13
30/04/2024,f3612a9a-f658-4eaf-bb03-13b68dea493e,GE 242,Canopy,29900,17,5,149500,12
30/04/2024,8c222d94-46c7-4051-a465-ee073f50fb57,GE 139,Canopy,30900,14,8,247200,6
30/04/2024,63864ea6-eb45-4a8c-be75-51e170f483b8,GE 240,Railings,25000,12,5,125000,7
30/04/2024,12516a01-4422-47b7-baa8-cd8114dd57cd,GE 245,Railings,29000,8,2,58000,6
30/04/2024,b5f2fc3d-3360-477d-829c-86ce2fc68a37,GE 246,Railings,29000,8,1,29000,7
30/04/2024,ef55b232-c0fa-4fa5-aae4-500f08643b10,GE 275,Curtain Wall,30500,16,8,244000,8
30/04/2024,c96ec18d-fbf9-48a1-83e5-05a68a227a7f,GE 195,Sliding,25000,10,8,200000,2
30/04/2024,f3612a9a-f658-4eaf-bb03-13b68dea493e,GE 243,Sliding,29000,12,2,58000,10
30/04/2024,de61d4ef-b3e7-49fa-824e-e2770097cd85,GE 192,Sliding,27500,19,3,82500,16
30/04/2024,fcdb2da0-0c77-44f3-8a05-d2a349b5a763,GE 75,Doors,28000,13,1,28000,12
30/04/2024,f22b8e3a-64a0-4f01-8977-721ecba85cce,GE 125,Doors,18000,12,7,126000,5
30/04/2024,86de73fe-1591-4fbe-9df5-33afede89921,GE 142,Doors,13500,11,6,81000,5
30/04/2024,94d632d2-74cd-456f-a632-cca1c5242f5e,GE 68,Doors,12000,15,7,84000,8
30/04/2024,07259106-c125-42f6-b701-0592a48bc669,GE 172,Doors,15000,13,5,75000,8
30/04/2024,04d35512-cec6-4e48-864e-4d5b6d08684d,GE 211,Doors,20000,13,7,140000,6
30/04/2024,7f66913b-cf98-4cd9-b556-8d87a7c81149,GE 89,Doors,15000,8,7,105000,1
30/04/2024,bab30b58-c96f-4634-9360-24b3d6cfed3a,GE 210,Doors,18000,17,3,54000,14
30/04/2024,50cc8925-653e-43d6-81c4-a48837225986,GE 90,Doors,18500,17,5,92500,12
30/04/2024,460012e9-0330-49a1-b02f-c89101310a7c,GE 255,Doors,20500,9,1,20500,8
30/04/2024,946c62b7-ced8-42ca-b8d7-fd8149781b85,GE 230,Doors,18500,18,7,129500,11
30/04/2024,3413b9e8-2970-4779-bb38-00b66378bf4c,GE 44,Doors,25900,13,3,77700,10
30/04/2024,9abc5851-c541-481b-b608-a8fd014cd5fe,GE 46,Doors,15500,19,4,62000,15
30/04/2025,60bad51b-32e6-4611-989a-892f63ea1721,GE 55,Doors,15000,11,1,15000,10
30/04/2025,01ffe34c-f81a-4674-8dcd-1582d59b0288,GE 53,Doors,18500,17,5,92500,12
30/04/2025,bfcd436f-18f8-4297-9931-36c1e5670d60,GE 120,Window,16000,10,1,16000,9
30/04/2025,ed89a15d-5ce2-4008-87fe-c7c2803d6c38,GE 110,Window,20000,14,7,140000,7
30/04/2025,947272da-97c7-4d73-ac89-7dcc3727aa33,GE 162,Window,18000,9,3,54000,6
30/04/2025,e34b546d-7b56-4f83-b8f7-3f27a4a89a3b,GE 108,Window,22500,11,3,67500,8
30/04/2025,c25f34c8-8678-4433-a4e1-58c99730f9ec,PD Door,Casement,13500,16,3,40500,13
30/04/2025,7f49f977-2bc6-4685-9de8-951c1a0302a5,GE 40,Casement,27500,16,8,220000,8
30/04/2025,508d4434-222f-4b32-9f5a-1476a1328abf,Top Hung,Sliding,29000,10,6,174000,4
30/04/2025,37835726-5665-42f5-8650-e32c11248a80,GE 157,Sliding,25950,11,7,181650,4
30/04/2025,8b7c8a04-4078-4c97-a4fc-0a02237b5f6a,Glass Railings,Railings,27500,17,6,165000,11
30/04/2025,a5c371f6-48a9-4ff2-bacb-ce938d78bae6,Canopy,Canopy,35500,11,3,106500,8
30/04/2025,ecafecf1-549a-464d-8d0b-f7e9f9b06758,Mullion 120,Curtain Wall,45000,19,8,360000,11
30/04/2025,12516a01-4422-47b7-baa8-cd8114dd57cd,GE 75,Door,28000,17,4,112000,13
30/04/2025,c96ec18d-fbf9-48a1-83e5-05a68a227a7f,GE 155,Door,22000,16,2,44000,14
30/04/2025,c5eda2cf-da7c-4097-905b-5e80ff178364,Shower Enclosure,Shower,16000,14,1,16000,13
30/04/2025,ef6562b3-fc34-4cd4-a306-1d4378d7f9f4,GE 155,Casement,22000,16,7,154000,9
30/04/2025,c436211f-2f1e-490d-910a-376005de373e,GE 220,Casement,18000,19,3,54000,16
30/04/2025,06ccee25-8910-4179-8598-0c5c86e8dddb,GE 88,Windows,22000,10,2,44000,8
30/04/2025,6b5d7df9-72a7-4e2a-ae12-4c7b63b0ce09,GE 167,Windows,25500,18,8,204000,10
30/04/2025,735034b4-daa2-4f3b-9b0c-2271f229bf34,GE 196,Windows,21500,12,4,86000,8
30/04/2025,6b1e998e-61c8-4852-bc43-fa12ee937bed,GE 173,Windows,12500,19,4,50000,15
30/04/2025,5558231e-211d-438e-be31-b84465237df9,GE 200,Windows,25500,15,1,25500,14
30/04/2025,d81c2f9c-1458-4d24-9f9b-369e4ac32b66,GE 201,Windows,15500,16,6,93000,10
30/04/2025,c07787b4-eca4-4122-b8f8-9853c61d4345,GE 250,Windows,29500,14,7,206500,7
30/04/2025,216a269f-65f9-4c21-8b5a-aead377717f3,GE 299,Windows,24500,13,5,122500,8
30/04/2025,2ec8374c-2898-4d99-ba50-479f446fd759,GE 166,Windows,15500,10,1,15500,9
30/04/2025,8fe30126-021d-4823-a675-9e1f929f2926,GE 232,Windows,10500,13,4,42000,9
30/04/2025,f3612a9a-f658-4eaf-bb03-13b68dea493e,GE 242,Canopy,29900,19,5,149500,14
30/04/2025,8c222d94-46c7-4051-a465-ee073f50fb57,GE 139,Canopy,30900,8,8,247200,0
30/04/2025,63864ea6-eb45-4a8c-be75-51e170f483b8,GE 240,Railings,25000,18,3,75000,15
30/04/2025,12516a01-4422-47b7-baa8-cd8114dd57cd,GE 245,Railings,29000,16,9,261000,7
30/04/2025,b5f2fc3d-3360-477d-829c-86ce2fc68a37,GE 246,Railings,29000,14,9,261000,5
30/04/2025,ef55b232-c0fa-4fa5-aae4-500f08643b10,GE 275,Curtain Wall,30500,16,1,30500,15
30/04/2025,c96ec18d-fbf9-48a1-83e5-05a68a227a7f,GE 195,Sliding,25000,18,2,50000,16
30/04/2025,f3612a9a-f658-4eaf-bb03-13b68dea493e,GE 243,Sliding,29000,9,6,174000,3
30/04/2025,de61d4ef-b3e7-49fa-824e-e2770097cd85,GE 192,Sliding,27500,13,6,165000,7
30/04/2025,fcdb2da0-0c77-44f3-8a05-d2a349b5a763,GE 75,Doors,28000,17,7,196000,10
30/04/2025,f22b8e3a-64a0-4f01-8977-721ecba85cce,GE 125,Doors,18000,14,9,162000,5
30/04/2025,86de73fe-1591-4fbe-9df5-33afede89921,GE 142,Doors,13500,10,5,67500,5
30/04/2025,94d632d2-74cd-456f-a632-cca1c5242f5e,GE 68,Doors,12000,13,4,48000,9
30/04/2025,07259106-c125-42f6-b701-0592a48bc669,GE 172,Doors,15000,8,7,105000,1
30/04/2025,04d35512-cec6-4e48-864e-4d5b6d08684d,GE 211,Doors,20000,15,8,160000,7
30/04/2025,7f66913b-cf98-4cd9-b556-8d87a7c81149,GE 89,Doors,15000,18,3,45000,15
30/04/2025,bab30b58-c96f-4634-9360-24b3d6cfed3a,GE 210,Doors,18000,15,4,72000,11
30/04/2025,50cc8925-653e-43d6-81c4-a48837225986,GE 90,Doors,18500,13,5,92500,8
30/04/2025,460012e9-0330-49a1-b02f-c89101310a7c,GE 255,Doors,20500,18,4,82000,14
30/04/2025,946c62b7-ced8-42ca-b8d7-fd8149781b85,GE 230,Doors,18500,8,2,37000,6
30/04/2025,3413b9e8-2970-4779-bb38-00b66378bf4c,GE 44,Doors,25900,12,1,25900,11
30/04/2025,9abc5851-c541-481b-b608-a8fd014cd5fe,GE 46,Doors,15500,8,0,0,8
30/06/2022,60bad51b-32e6-4611-989a-892f63ea1721,GE 55,Doors,15000,10,1,15000,9
30/06/2022,01ffe34c-f81a-4674-8dcd-1582d59b0288,GE 53,Doors,18500,18,6,111000,12
30/06/2022,bfcd436f-18f8-4297-9931-36c1e5670d60,GE 120,Window,16000,11,4,64000,7
30/06/2022,ed89a15d-5ce2-4008-87fe-c7c2803d6c38,GE 110,Window,20000,10,3,60000,7
30/06/2022,947272da-97c7-4d73-ac89-7dcc3727aa33,GE 162,Window,18000,9,5,90000,4
30/06/2022,e34b546d-7b56-4f83-b8f7-3f27a4a89a3b,GE 108,Window,22500,10,4,90000,6
30/06/2022,c25f34c8-8678-4433-a4e1-58c99730f9ec,PD Door,Casement,13500,19,2,27000,17
30/06/2022,7f49f977-2bc6-4685-9de8-951c1a0302a5,GE 40,Casement,27500,12,5,137500,7
30/06/2022,508d4434-222f-4b32-9f5a-1476a1328abf,Top Hung,Sliding,29000,16,4,116000,12
30/06/2022,37835726-5665-42f5-8650-e32c11248a80,GE 157,Sliding,25950,9,1,25950,8
30/06/2022,8b7c8a04-4078-4c97-a4fc-0a02237b5f6a,Glass Railings,Railings,27500,18,0,0,18
30/06/2022,a5c371f6-48a9-4ff2-bacb-ce938d78bae6,Canopy,Canopy,35500,16,5,177500,11
30/06/2022,ecafecf1-549a-464d-8d0b-f7e9f9b06758,Mullion 120,Curtain Wall,45000,18,4,180000,14
30/06/2022,12516a01-4422-47b7-baa8-cd8114dd57cd,GE 75,Door,28000,11,0,0,11
30/06/2022,c96ec18d-fbf9-48a1-83e5-05a68a227a7f,GE 155,Door,22000,10,6,132000,4
30/06/2022,c5eda2cf-da7c-4097-905b-5e80ff178364,Shower Enclosure,Shower,16000,15,6,96000,9
30/06/2022,ef6562b3-fc34-4cd4-a306-1d4378d7f9f4,GE 155,Casement,22000,19,6,132000,13
30/06/2022,c436211f-2f1e-490d-910a-376005de373e,GE 220,Casement,18000,17,5,90000,12
30/06/2022,06ccee25-8910-4179-8598-0c5c86e8dddb,GE 88,Windows,22000,10,3,66000,7
30/06/2022,6b5d7df9-72a7-4e2a-ae12-4c7b63b0ce09,GE 167,Windows,25500,18,3,76500,15
30/06/2022,735034b4-daa2-4f3b-9b0c-2271f229bf34,GE 196,Windows,21500,17,6,129000,11
30/06/2022,6b1e998e-61c8-4852-bc43-fa12ee937bed,GE 173,Windows,12500,16,5,62500,11
30/06/2022,5558231e-211d-438e-be31-b84465237df9,GE 200,Windows,25500,14,1,25500,13
30/06/2022,d81c2f9c-1458-4d24-9f9b-369e4ac32b66,GE 201,Windows,15500,13,2,31000,11
30/06/2022,c07787b4-eca4-4122-b8f8-9853c61d4345,GE 250,Windows,29500,16,1,29500,15
30/06/2022,216a269f-65f9-4c21-8b5a-aead377717f3,GE 299,Windows,24500,16,4,98000,12
30/06/2022,2ec8374c-2898-4d99-ba50-479f446fd759,GE 166,Windows,15500,16,5,77500,11
30/06/2022,8fe30126-021d-4823-a675-9e1f929f2926,GE 232,Windows,10500,11,6,63000,5
30/06/2022,f3612a9a-f658-4eaf-bb03-13b68dea493e,GE 242,Canopy,29900,15,1,29900,14
30/06/2022,8c222d94-46c7-4051-a465-ee073f50fb57,GE 139,Canopy,30900,17,1,30900,16
30/06/2022,63864ea6-eb45-4a8c-be75-51e170f483b8,GE 240,Railings,25000,11,2,50000,9
30/06/2022,12516a01-4422-47b7-baa8-cd8114dd57cd,GE 245,Railings,29000,18,3,87000,15
30/06/2022,b5f2fc3d-3360-477d-829c-86ce2fc68a37,GE 246,Railings,29000,12,1,29000,11
30/06/2022,ef55b232-c0fa-4fa5-aae4-500f08643b10,GE 275,Curtain Wall,30500,13,4,122000,9
30/06/2022,c96ec18d-fbf9-48a1-83e5-05a68a227a7f,GE 195,Sliding,25000,14,4,100000,10
30/06/2022,f3612a9a-f658-4eaf-bb03-13b68dea493e,GE 243,Sliding,29000,15,0,0,15
30/06/2022,de61d4ef-b3e7-49fa-824e-e2770097cd85,GE 192,Sliding,27500,10,6,165000,4
30/06/2022,fcdb2da0-0c77-44f3-8a05-d2a349b5a763,GE 75,Doors,28000,13,2,56000,11
30/06/2022,f22b8e3a-64a0-4f01-8977-721ecba85cce,GE 125,Doors,18000,18,3,54000,15
30/06/2022,86de73fe-1591-4fbe-9df5-33afede89921,GE 142,Doors,13500,13,1,13500,12
30/06/2022,94d632d2-74cd-456f-a632-cca1c5242f5e,GE 68,Doors,12000,13,3,36000,10
30/06/2022,07259106-c125-42f6-b701-0592a48bc669,GE 172,Doors,15000,9,3,45000,6
30/06/2022,04d35512-cec6-4e48-864e-4d5b6d08684d,GE 211,Doors,20000,10,5,100000,5
30/06/2022,7f66913b-cf98-4cd9-b556-8d87a7c81149,GE 89,Doors,15000,13,2,30000,11
30/06/2022,bab30b58-c96f-4634-9360-24b3d6cfed3a,GE 210,Doors,18000,10,4,72000,6
30/06/2022,50cc8925-653e-43d6-81c4-a48837225986,GE 90,Doors,18500,8,3,55500,5
30/06/2022,460012e9-0330-49a1-b02f-c89101310a7c,GE 255,Doors,20500,17,6,123000,11
30/06/2022,946c62b7-ced8-42ca-b8d7-fd8149781b85,GE 230,Doors,18500,12,5,92500,7
30/06/2022,3413b9e8-2970-4779-bb38-00b66378bf4c,GE 44,Doors,25900,11,5,129500,6
30/06/2022,9abc5851-c541-481b-b608-a8fd014cd5fe,GE 46,Doors,15500,8,6,93000,2
30/06/2023,60bad51b-32e6-4611-989a-892f63ea1721,GE 55,Doors,15000,17,3,45000,14
30/06/2023,01ffe34c-f81a-4674-8dcd-1582d59b0288,GE 53,Doors,18500,12,5,92500,7
30/06/2023,bfcd436f-18f8-4297-9931-36c1e5670d60,GE 120,Window,16000,17,6,96000,11
30/06/2023,ed89a15d-5ce2-4008-87fe-c7c2803d6c38,GE 110,Window,20000,17,4,80000,13
30/06/2023,947272da-97c7-4d73-ac89-7dcc3727aa33,GE 162,Window,18000,14,2,36000,12
30/06/2023,e34b546d-7b56-4f83-b8f7-3f27a4a89a3b,GE 108,Window,22500,15,1,22500,14
30/06/2023,c25f34c8-8678-4433-a4e1-58c99730f9ec,PD Door,Casement,13500,16,6,81000,10
30/06/2023,7f49f977-2bc6-4685-9de8-951c1a0302a5,GE 40,Casement,27500,19,4,110000,15
30/06/2023,508d4434-222f-4b32-9f5a-1476a1328abf,Top Hung,Sliding,29000,11,1,29000,10
30/06/2023,37835726-5665-42f5-8650-e32c11248a80,GE 157,Sliding,25950,15,4,103800,11
30/06/2023,8b7c8a04-4078-4c97-a4fc-0a02237b5f6a,Glass Railings,Railings,27500,13,4,110000,9
30/06/2023,a5c371f6-48a9-4ff2-bacb-ce938d78bae6,Canopy,Canopy,35500,14,5,177500,9
30/06/2023,ecafecf1-549a-464d-8d0b-f7e9f9b06758,Mullion 120,Curtain Wall,45000,17,7,315000,10
30/06/2023,12516a01-4422-47b7-baa8-cd8114dd57cd,GE 75,Door,28000,16,5,140000,11
30/06/2023,c96ec18d-fbf9-48a1-83e5-05a68a227a7f,GE 155,Door,22000,16,6,132000,10
30/06/2023,c5eda2cf-da7c-4097-905b-5e80ff178364,Shower Enclosure,Shower,16000,18,5,80000,13
30/06/2023,ef6562b3-fc34-4cd4-a306-1d4378d7f9f4,GE 155,Casement,22000,18,1,22000,17
30/06/2023,c436211f-2f1e-490d-910a-376005de373e,GE 220,Casement,18000,9,1,18000,8
30/06/2023,06ccee25-8910-4179-8598-0c5c86e8dddb,GE 88,Windows,22000,13,2,44000,11
30/06/2023,6b5d7df9-72a7-4e2a-ae12-4c7b63b0ce09,GE 167,Windows,25500,18,4,102000,14
30/06/2023,735034b4-daa2-4f3b-9b0c-2271f229bf34,GE 196,Windows,21500,14,5,107500,9
30/06/2023,6b1e998e-61c8-4852-bc43-fa12ee937bed,GE 173,Windows,12500,19,7,87500,12
30/06/2023,5558231e-211d-438e-be31-b84465237df9,GE 200,Windows,25500,17,5,127500,12
30/06/2023,d81c2f9c-1458-4d24-9f9b-369e4ac32b66,GE 201,Windows,15500,10,2,31000,8
30/06/2023,c07787b4-eca4-4122-b8f8-9853c61d4345,GE 250,Windows,29500,8,3,88500,5
30/06/2023,216a269f-65f9-4c21-8b5a-aead377717f3,GE 299,Windows,24500,12,4,98000,8
30/06/2023,2ec8374c-2898-4d99-ba50-479f446fd759,GE 166,Windows,15500,16,1,15500,15
30/06/2023,8fe30126-021d-4823-a675-9e1f929f2926,GE 232,Windows,10500,11,2,21000,9
30/06/2023,f3612a9a-f658-4eaf-bb03-13b68dea493e,GE 242,Canopy,29900,13,1,29900,12
30/06/2023,8c222d94-46c7-4051-a465-ee073f50fb57,GE 139,Canopy,30900,9,5,154500,4
30/06/2023,63864ea6-eb45-4a8c-be75-51e170f483b8,GE 240,Railings,25000,16,7,175000,9
30/06/2023,12516a01-4422-47b7-baa8-cd8114dd57cd,GE 245,Railings,29000,9,6,174000,3
30/06/2023,b5f2fc3d-3360-477d-829c-86ce2fc68a37,GE 246,Railings,29000,9,1,29000,8
30/06/2023,ef55b232-c0fa-4fa5-aae4-500f08643b10,GE 275,Curtain Wall,30500,12,2,61000,10
30/06/2023,c96ec18d-fbf9-48a1-83e5-05a68a227a7f,GE 195,Sliding,25000,16,2,50000,14
30/06/2023,f3612a9a-f658-4eaf-bb03-13b68dea493e,GE 243,Sliding,29000,10,6,174000,4
30/06/2023,de61d4ef-b3e7-49fa-824e-e2770097cd85,GE 192,Sliding,27500,19,8,220000,11
30/06/2023,fcdb2da0-0c77-44f3-8a05-d2a349b5a763,GE 75,Doors,28000,17,3,84000,14
30/06/2023,f22b8e3a-64a0-4f01-8977-721ecba85cce,GE 125,Doors,18000,8,5,90000,3
30/06/2023,86de73fe-1591-4fbe-9df5-33afede89921,GE 142,Doors,13500,11,7,94500,4
30/06/2023,94d632d2-74cd-456f-a632-cca1c5242f5e,GE 68,Doors,12000,15,6,72000,9
30/06/2023,07259106-c125-42f6-b701-0592a48bc669,GE 172,Doors,15000,11,4,60000,7
30/06/2023,04d35512-cec6-4e48-864e-4d5b6d08684d,GE 211,Doors,20000,16,2,40000,14
30/06/2023,7f66913b-cf98-4cd9-b556-8d87a7c81149,GE 89,Doors,15000,8,2,30000,6
30/06/2023,bab30b58-c96f-4634-9360-24b3d6cfed3a,GE 210,Doors,18000,10,4,72000,6
30/06/2023,50cc8925-653e-43d6-81c4-a48837225986,GE 90,Doors,18500,11,3,55500,8
30/06/2023,460012e9-0330-49a1-b02f-c89101310a7c,GE 255,Doors,20500,11,1,20500,10
30/06/2023,946c62b7-ced8-42ca-b8d7-fd8149781b85,GE 230,Doors,18500,18,3,55500,15
30/06/2023,3413b9e8-2970-4779-bb38-00b66378bf4c,GE 44,Doors,25900,18,4,103600,14
30/06/2023,9abc5851-c541-481b-b608-a8fd014cd5fe,GE 46,Doors,15500,15,5,77500,10
30/06/2024,60bad51b-32e6-4611-989a-892f63ea1721,GE 55,Doors,15000,9,8,120000,1
30/06/2024,01ffe34c-f81a-4674-8dcd-1582d59b0288,GE 53,Doors,18500,13,1,18500,12
30/06/2024,bfcd436f-18f8-4297-9931-36c1e5670d60,GE 120,Window,16000,13,4,64000,9
30/06/2024,ed89a15d-5ce2-4008-87fe-c7c2803d6c38,GE 110,Window,20000,8,7,140000,1
30/06/2024,947272da-97c7-4d73-ac89-7dcc3727aa33,GE 162,Window,18000,19,7,126000,12
30/06/2024,e34b546d-7b56-4f83-b8f7-3f27a4a89a3b,GE 108,Window,22500,18,5,112500,13
30/06/2024,c25f34c8-8678-4433-a4e1-58c99730f9ec,PD Door,Casement,13500,17,7,94500,10
30/06/2024,7f49f977-2bc6-4685-9de8-951c1a0302a5,GE 40,Casement,27500,11,8,220000,3
30/06/2024,508d4434-222f-4b32-9f5a-1476a1328abf,Top Hung,Sliding,29000,17,7,203000,10
30/06/2024,37835726-5665-42f5-8650-e32c11248a80,GE 157,Sliding,25950,8,4,103800,4
30/06/2024,8b7c8a04-4078-4c97-a4fc-0a02237b5f6a,Glass Railings,Railings,27500,12,7,192500,5
30/06/2024,a5c371f6-48a9-4ff2-bacb-ce938d78bae6,Canopy,Canopy,35500,12,4,142000,8
30/06/2024,ecafecf1-549a-464d-8d0b-f7e9f9b06758,Mullion 120,Curtain Wall,45000,19,8,360000,11
30/06/2024,12516a01-4422-47b7-baa8-cd8114dd57cd,GE 75,Door,28000,13,1,28000,12
30/06/2024,c96ec18d-fbf9-48a1-83e5-05a68a227a7f,GE 155,Door,22000,18,6,132000,12
30/06/2024,c5eda2cf-da7c-4097-905b-5e80ff178364,Shower Enclosure,Shower,16000,13,2,32000,11
30/06/2024,ef6562b3-fc34-4cd4-a306-1d4378d7f9f4,GE 155,Casement,22000,18,1,22000,17
30/06/2024,c436211f-2f1e-490d-910a-376005de373e,GE 220,Casement,18000,13,4,72000,9
30/06/2024,06ccee25-8910-4179-8598-0c5c86e8dddb,GE 88,Windows,22000,18,7,154000,11
30/06/2024,6b5d7df9-72a7-4e2a-ae12-4c7b63b0ce09,GE 167,Windows,25500,17,4,102000,13
30/06/2024,735034b4-daa2-4f3b-9b0c-2271f229bf34,GE 196,Windows,21500,10,6,129000,4
30/06/2024,6b1e998e-61c8-4852-bc43-fa12ee937bed,GE 173,Windows,12500,10,6,75000,4
30/06/2024,5558231e-211d-438e-be31-b84465237df9,GE 200,Windows,25500,12,3,76500,9
30/06/2024,d81c2f9c-1458-4d24-9f9b-369e4ac32b66,GE 201,Windows,15500,19,6,93000,13
30/06/2024,c07787b4-eca4-4122-b8f8-9853c61d4345,GE 250,Windows,29500,13,9,265500,4
30/06/2024,216a269f-65f9-4c21-8b5a-aead377717f3,GE 299,Windows,24500,8,4,98000,4
30/06/2024,2ec8374c-2898-4d99-ba50-479f446fd759,GE 166,Windows,15500,18,2,31000,16
30/06/2024,8fe30126-021d-4823-a675-9e1f929f2926,GE 232,Windows,10500,12,6,63000,6
30/06/2024,f3612a9a-f658-4eaf-bb03-13b68dea493e,GE 242,Canopy,29900,10,1,29900,9
30/06/2024,8c222d94-46c7-4051-a465-ee073f50fb57,GE 139,Canopy,30900,10,4,123600,6
30/06/2024,63864ea6-eb45-4a8c-be75-51e170f483b8,GE 240,Railings,25000,18,1,25000,17
30/06/2024,12516a01-4422-47b7-baa8-cd8114dd57cd,GE 245,Railings,29000,10,4,116000,6
30/06/2024,b5f2fc3d-3360-477d-829c-86ce2fc68a37,GE 246,Railings,29000,14,5,145000,9
30/06/2024,ef55b232-c0fa-4fa5-aae4-500f08643b10,GE 275,Curtain Wall,30500,18,7,213500,11
30/06/2024,c96ec18d-fbf9-48a1-83e5-05a68a227a7f,GE 195,Sliding,25000,19,2,50000,17
30/06/2024,f3612a9a-f658-4eaf-bb03-13b68dea493e,GE 243,Sliding,29000,8,2,58000,6
30/06/2024,de61d4ef-b3e7-49fa-824e-e2770097cd85,GE 192,Sliding,27500,16,7,192500,9
30/06/2024,fcdb2da0-0c77-44f3-8a05-d2a349b5a763,GE 75,Doors,28000,18,7,196000,11
30/06/2024,f22b8e3a-64a0-4f01-8977-721ecba85cce,GE 125,Doors,18000,14,7,126000,7
30/06/2024,86de73fe-1591-4fbe-9df5-33afede89921,GE 142,Doors,13500,14,3,40500,11
30/06/2024,94d632d2-74cd-456f-a632-cca1c5242f5e,GE 68,Doors,12000,12,1,12000,11
30/06/2024,07259106-c125-42f6-b701-0592a48bc669,GE 172,Doors,15000,16,1,15000,15
30/06/2024,04d35512-cec6-4e48-864e-4d5b6d08684d,GE 211,Doors,20000,13,4,80000,9
30/06/2024,7f66913b-cf98-4cd9-b556-8d87a7c81149,GE 89,Doors,15000,14,5,75000,9
30/06/2024,bab30b58-c96f-4634-9360-24b3d6cfed3a,GE 210,Doors,18000,15,4,72000,11
30/06/2024,50cc8925-653e-43d6-81c4-a48837225986,GE 90,Doors,18500,9,1,18500,8
30/06/2024,460012e9-0330-49a1-b02f-c89101310a7c,GE 255,Doors,20500,9,5,102500,4
30/06/2024,946c62b7-ced8-42ca-b8d7-fd8149781b85,GE 230,Doors,18500,8,4,74000,4
30/06/2024,3413b9e8-2970-4779-bb38-00b66378bf4c,GE 44,Doors,25900,19,8,207200,11
30/06/2024,9abc5851-c541-481b-b608-a8fd014cd5fe,GE 46,Doors,15500,13,4,62000,9
30/06/2025,60bad51b-32e6-4611-989a-892f63ea1721,GE 55,Doors,15000,16,5,75000,11
30/06/2025,01ffe34c-f81a-4674-8dcd-1582d59b0288,GE 53,Doors,18500,13,4,74000,9
30/06/2025,bfcd436f-18f8-4297-9931-36c1e5670d60,GE 120,Window,16000,10,1,16000,9
30/06/2025,ed89a15d-5ce2-4008-87fe-c7c2803d6c38,GE 110,Window,20000,8,7,140000,1
30/06/2025,947272da-97c7-4d73-ac89-7dcc3727aa33,GE 162,Window,18000,14,2,36000,12
30/06/2025,e34b546d-7b56-4f83-b8f7-3f27a4a89a3b,GE 108,Window,22500,14,1,22500,13
30/06/2025,c25f34c8-8678-4433-a4e1-58c99730f9ec,PD Door,Casement,13500,15,9,121500,6
30/06/2025,7f49f977-2bc6-4685-9de8-951c1a0302a5,GE 40,Casement,27500,14,4,110000,10
30/06/2025,508d4434-222f-4b32-9f5a-1476a1328abf,Top Hung,Sliding,29000,9,4,116000,5
30/06/2025,37835726-5665-42f5-8650-e32c11248a80,GE 157,Sliding,25950,8,6,155700,2
30/06/2025,8b7c8a04-4078-4c97-a4fc-0a02237b5f6a,Glass Railings,Railings,27500,13,6,165000,7
30/06/2025,a5c371f6-48a9-4ff2-bacb-ce938d78bae6,Canopy,Canopy,35500,8,4,142000,4
30/06/2025,ecafecf1-549a-464d-8d0b-f7e9f9b06758,Mullion 120,Curtain Wall,45000,19,4,180000,15
30/06/2025,12516a01-4422-47b7-baa8-cd8114dd57cd,GE 75,Door,28000,15,2,56000,13
30/06/2025,c96ec18d-fbf9-48a1-83e5-05a68a227a7f,GE 155,Door,22000,8,6,132000,2
30/06/2025,c5eda2cf-da7c-4097-905b-5e80ff178364,Shower Enclosure,Shower,16000,18,1,16000,17
30/06/2025,ef6562b3-fc34-4cd4-a306-1d4378d7f9f4,GE 155,Casement,22000,14,6,132000,8
30/06/2025,c436211f-2f1e-490d-910a-376005de373e,GE 220,Casement,18000,19,2,36000,17
30/06/2025,06ccee25-8910-4179-8598-0c5c86e8dddb,GE 88,Windows,22000,11,8,176000,3
30/06/2025,6b5d7df9-72a7-4e2a-ae12-4c7b63b0ce09,GE 167,Windows,25500,14,4,102000,10
30/06/2025,735034b4-daa2-4f3b-9b0c-2271f229bf34,GE 196,Windows,21500,9,7,150500,2
30/06/2025,6b1e998e-61c8-4852-bc43-fa12ee937bed,GE 173,Windows,12500,19,9,112500,10
30/06/2025,5558231e-211d-438e-be31-b84465237df9,GE 200,Windows,25500,16,6,153000,10
30/06/2025,d81c2f9c-1458-4d24-9f9b-369e4ac32b66,GE 201,Windows,15500,12,2,31000,10
30/06/2025,c07787b4-eca4-4122-b8f8-9853c61d4345,GE 250,Windows,29500,9,8,236000,1
30/06/2025,216a269f-65f9-4c21-8b5a-aead377717f3,GE 299,Windows,24500,14,2,49000,12
30/06/2025,2ec8374c-2898-4d99-ba50-479f446fd759,GE 166,Windows,15500,19,4,62000,15
30/06/2025,8fe30126-021d-4823-a675-9e1f929f2926,GE 232,Windows,10500,11,8,84000,3
30/06/2025,f3612a9a-f658-4eaf-bb03-13b68dea493e,GE 242,Canopy,29900,18,1,29900,17
30/06/2025,8c222d94-46c7-4051-a465-ee073f50fb57,GE 139,Canopy,30900,9,2,61800,7
30/06/2025,63864ea6-eb45-4a8c-be75-51e170f483b8,GE 240,Railings,25000,14,8,200000,6
30/06/2025,12516a01-4422-47b7-baa8-cd8114dd57cd,GE 245,Railings,29000,17,4,116000,13
30/06/2025,b5f2fc3d-3360-477d-829c-86ce2fc68a37,GE 246,Railings,29000,14,6,174000,8
30/06/2025,ef55b232-c0fa-4fa5-aae4-500f08643b10,GE 275,Curtain Wall,30500,16,1,30500,15
30/06/2025,c96ec18d-fbf9-48a1-83e5-05a68a227a7f,GE 195,Sliding,25000,10,3,75000,7
30/06/2025,f3612a9a-f658-4eaf-bb03-13b68dea493e,GE 243,Sliding,29000,9,3,87000,6
30/06/2025,de61d4ef-b3e7-49fa-824e-e2770097cd85,GE 192,Sliding,27500,8,7,192500,1
30/06/2025,fcdb2da0-0c77-44f3-8a05-d2a349b5a763,GE 75,Doors,28000,13,2,56000,11
30/06/2025,f22b8e3a-64a0-4f01-8977-721ecba85cce,GE 125,Doors,18000,9,9,162000,0
30/06/2025,86de73fe-1591-4fbe-9df5-33afede89921,GE 142,Doors,13500,19,1,13500,18
30/06/2025,94d632d2-74cd-456f-a632-cca1c5242f5e,GE 68,Doors,12000,10,3,36000,7
30/06/2025,07259106-c125-42f6-b701-0592a48bc669,GE 172,Doors,15000,19,1,15000,18
30/06/2025,04d35512-cec6-4e48-864e-4d5b6d08684d,GE 211,Doors,20000,18,5,100000,13
30/06/2025,7f66913b-cf98-4cd9-b556-8d87a7c81149,GE 89,Doors,15000,18,2,30000,16
30/06/2025,bab30b58-c96f-4634-9360-24b3d6cfed3a,GE 210,Doors,18000,11,3,54000,8
30/06/2025,50cc8925-653e-43d6-81c4-a48837225986,GE 90,Doors,18500,16,5,92500,11
30/06/2025,460012e9-0330-49a1-b02f-c89101310a7c,GE 255,Doors,20500,17,1,20500,16
30/06/2025,946c62b7-ced8-42ca-b8d7-fd8149781b85,GE 230,Doors,18500,16,7,129500,9
30/06/2025,3413b9e8-2970-4779-bb38-00b66378bf4c,GE 44,Doors,25900,12,8,207200,4
30/06/2025,9abc5851-c541-481b-b608-a8fd014cd5fe,GE 46,Doors,15500,15,8,124000,7
30/09/2022,60bad51b-32e6-4611-989a-892f63ea1721,GE 55,Doors,15000,17,5,75000,12
30/09/2022,01ffe34c-f81a-4674-8dcd-1582d59b0288,GE 53,Doors,18500,14,4,74000,10
30/09/2022,bfcd436f-18f8-4297-9931-36c1e5670d60,GE 120,Window,16000,9,6,96000,3
30/09/2022,ed89a15d-5ce2-4008-87fe-c7c2803d6c38,GE 110,Window,20000,16,5,100000,11
30/09/2022,947272da-97c7-4d73-ac89-7dcc3727aa33,GE 162,Window,18000,12,1,18000,11
30/09/2022,e34b546d-7b56-4f83-b8f7-3f27a4a89a3b,GE 108,Window,22500,19,4,90000,15
30/09/2022,c25f34c8-8678-4433-a4e1-58c99730f9ec,PD Door,Casement,13500,12,3,40500,9
30/09/2022,7f49f977-2bc6-4685-9de8-951c1a0302a5,GE 40,Casement,27500,13,3,82500,10
30/09/2022,508d4434-222f-4b32-9f5a-1476a1328abf,Top Hung,Sliding,29000,19,5,145000,14
30/09/2022,37835726-5665-42f5-8650-e32c11248a80,GE 157,Sliding,25950,14,2,51900,12
30/09/2022,8b7c8a04-4078-4c97-a4fc-0a02237b5f6a,Glass Railings,Railings,27500,17,5,137500,12
30/09/2022,a5c371f6-48a9-4ff2-bacb-ce938d78bae6,Canopy,Canopy,35500,17,5,177500,12
30/09/2022,ecafecf1-549a-464d-8d0b-f7e9f9b06758,Mullion 120,Curtain Wall,45000,19,7,315000,12
30/09/2022,12516a01-4422-47b7-baa8-cd8114dd57cd,GE 75,Door,28000,10,5,140000,5
30/09/2022,c96ec18d-fbf9-48a1-83e5-05a68a227a7f,GE 155,Door,22000,17,5,110000,12
30/09/2022,c5eda2cf-da7c-4097-905b-5e80ff178364,Shower Enclosure,Shower,16000,15,3,48000,12
30/09/2022,ef6562b3-fc34-4cd4-a306-1d4378d7f9f4,GE 155,Casement,22000,8,3,66000,5
30/09/2022,c436211f-2f1e-490d-910a-376005de373e,GE 220,Casement,18000,10,6,108000,4
30/09/2022,06ccee25-8910-4179-8598-0c5c86e8dddb,GE 88,Windows,22000,15,6,132000,9
30/09/2022,6b5d7df9-72a7-4e2a-ae12-4c7b63b0ce09,GE 167,Windows,25500,15,1,25500,14
30/09/2022,735034b4-daa2-4f3b-9b0c-2271f229bf34,GE 196,Windows,21500,11,3,64500,8
30/09/2022,6b1e998e-61c8-4852-bc43-fa12ee937bed,GE 173,Windows,12500,18,1,12500,17
30/09/2022,5558231e-211d-438e-be31-b84465237df9,GE 200,Windows,25500,18,2,51000,16
30/09/2022,d81c2f9c-1458-4d24-9f9b-369e4ac32b66,GE 201,Windows,15500,9,5,77500,4
30/09/2022,c07787b4-eca4-4122-b8f8-9853c61d4345,GE 250,Windows,29500,15,1,29500,14
30/09/2022,216a269f-65f9-4c21-8b5a-aead377717f3,GE 299,Windows,24500,18,2,49000,16
30/09/2022,2ec8374c-2898-4d99-ba50-479f446fd759,GE 166,Windows,15500,10,2,31000,8
30/09/2022,8fe30126-021d-4823-a675-9e1f929f2926,GE 232,Windows,10500,19,5,52500,14
30/09/2022,f3612a9a-f658-4eaf-bb03-13b68dea493e,GE 242,Canopy,29900,13,2,59800,11
30/09/2022,8c222d94-46c7-4051-a465-ee073f50fb57,GE 139,Canopy,30900,12,4,123600,8
30/09/2022,63864ea6-eb45-4a8c-be75-51e170f483b8,GE 240,Railings,25000,8,6,150000,2
30/09/2022,12516a01-4422-47b7-baa8-cd8114dd57cd,GE 245,Railings,29000,16,1,29000,15
30/09/2022,b5f2fc3d-3360-477d-829c-86ce2fc68a37,GE 246,Railings,29000,15,3,87000,12
30/09/2022,ef55b232-c0fa-4fa5-aae4-500f08643b10,GE 275,Curtain Wall,30500,12,1,30500,11
30/09/2022,c96ec18d-fbf9-48a1-83e5-05a68a227a7f,GE 195,Sliding,25000,13,7,175000,6
30/09/2022,f3612a9a-f658-4eaf-bb03-13b68dea493e,GE 243,Sliding,29000,9,1,29000,8
30/09/2022,de61d4ef-b3e7-49fa-824e-e2770097cd85,GE 192,Sliding,27500,18,1,27500,17
30/09/2022,fcdb2da0-0c77-44f3-8a05-d2a349b5a763,GE 75,Doors,28000,17,2,56000,15
30/09/2022,f22b8e3a-64a0-4f01-8977-721ecba85cce,GE 125,Doors,18000,8,2,36000,6
30/09/2022,86de73fe-1591-4fbe-9df5-33afede89921,GE 142,Doors,13500,17,6,81000,11
30/09/2022,94d632d2-74cd-456f-a632-cca1c5242f5e,GE 68,Doors,12000,14,1,12000,13
30/09/2022,07259106-c125-42f6-b701-0592a48bc669,GE 172,Doors,15000,15,2,30000,13
30/09/2022,04d35512-cec6-4e48-864e-4d5b6d08684d,GE 211,Doors,20000,9,5,100000,4
30/09/2022,7f66913b-cf98-4cd9-b556-8d87a7c81149,GE 89,Doors,15000,10,2,30000,8
30/09/2022,bab30b58-c96f-4634-9360-24b3d6cfed3a,GE 210,Doors,18000,14,1,18000,13
30/09/2022,50cc8925-653e-43d6-81c4-a48837225986,GE 90,Doors,18500,15,3,55500,12
30/09/2022,460012e9-0330-49a1-b02f-c89101310a7c,GE 255,Doors,20500,9,3,61500,6
30/09/2022,946c62b7-ced8-42ca-b8d7-fd8149781b85,GE 230,Doors,18500,15,2,37000,13
30/09/2022,3413b9e8-2970-4779-bb38-00b66378bf4c,GE 44,Doors,25900,19,1,25900,18
30/09/2022,9abc5851-c541-481b-b608-a8fd014cd5fe,GE 46,Doors,15500,13,1,15500,12
30/09/2023,60bad51b-32e6-4611-989a-892f63ea1721,GE 55,Doors,15000,17,5,75000,12
30/09/2023,01ffe34c-f81a-4674-8dcd-1582d59b0288,GE 53,Doors,18500,15,1,18500,14
30/09/2023,bfcd436f-18f8-4297-9931-36c1e5670d60,GE 120,Window,16000,14,7,112000,7
30/09/2023,ed89a15d-5ce2-4008-87fe-c7c2803d6c38,GE 110,Window,20000,14,1,20000,13
30/09/2023,947272da-97c7-4d73-ac89-7dcc3727aa33,GE 162,Window,18000,9,2,36000,7
30/09/2023,e34b546d-7b56-4f83-b8f7-3f27a4a89a3b,GE 108,Window,22500,8,4,90000,4
30/09/2023,c25f34c8-8678-4433-a4e1-58c99730f9ec,PD Door,Casement,13500,10,5,67500,5
30/09/2023,7f49f977-2bc6-4685-9de8-951c1a0302a5,GE 40,Casement,27500,8,1,27500,7
30/09/2023,508d4434-222f-4b32-9f5a-1476a1328abf,Top Hung,Sliding,29000,10,1,29000,9
30/09/2023,37835726-5665-42f5-8650-e32c11248a80,GE 157,Sliding,25950,16,2,51900,14
30/09/2023,8b7c8a04-4078-4c97-a4fc-0a02237b5f6a,Glass Railings,Railings,27500,18,5,137500,13
30/09/2023,a5c371f6-48a9-4ff2-bacb-ce938d78bae6,Canopy,Canopy,35500,9,4,142000,5
30/09/2023,ecafecf1-549a-464d-8d0b-f7e9f9b06758,Mullion 120,Curtain Wall,45000,16,4,180000,12
30/09/2023,12516a01-4422-47b7-baa8-cd8114dd57cd,GE 75,Door,28000,13,4,112000,9
30/09/2023,c96ec18d-fbf9-48a1-83e5-05a68a227a7f,GE 155,Door,22000,13,3,66000,10
30/09/2023,c5eda2cf-da7c-4097-905b-5e80ff178364,Shower Enclosure,Shower,16000,15,2,32000,13
30/09/2023,ef6562b3-fc34-4cd4-a306-1d4378d7f9f4,GE 155,Casement,22000,19,3,66000,16
30/09/2023,c436211f-2f1e-490d-910a-376005de373e,GE 220,Casement,18000,14,6,108000,8
30/09/2023,06ccee25-8910-4179-8598-0c5c86e8dddb,GE 88,Windows,22000,12,6,132000,6
30/09/2023,6b5d7df9-72a7-4e2a-ae12-4c7b63b0ce09,GE 167,Windows,25500,16,1,25500,15
30/09/2023,735034b4-daa2-4f3b-9b0c-2271f229bf34,GE 196,Windows,21500,12,8,172000,4
30/09/2023,6b1e998e-61c8-4852-bc43-fa12ee937bed,GE 173,Windows,12500,11,3,37500,8
30/09/2023,5558231e-211d-438e-be31-b84465237df9,GE 200,Windows,25500,16,6,153000,10
30/09/2023,d81c2f9c-1458-4d24-9f9b-369e4ac32b66,GE 201,Windows,15500,19,5,77500,14
30/09/2023,c07787b4-eca4-4122-b8f8-9853c61d4345,GE 250,Windows,29500,10,4,118000,6
30/09/2023,216a269f-65f9-4c21-8b5a-aead377717f3,GE 299,Windows,24500,16,3,73500,13
30/09/2023,2ec8374c-2898-4d99-ba50-479f446fd759,GE 166,Windows,15500,17,3,46500,14
30/09/2023,8fe30126-021d-4823-a675-9e1f929f2926,GE 232,Windows,10500,11,5,52500,6
30/09/2023,f3612a9a-f658-4eaf-bb03-13b68dea493e,GE 242,Canopy,29900,14,2,59800,12
30/09/2023,8c222d94-46c7-4051-a465-ee073f50fb57,GE 139,Canopy,30900,12,4,123600,8
30/09/2023,63864ea6-eb45-4a8c-be75-51e170f483b8,GE 240,Railings,25000,8,1,25000,7
30/09/2023,12516a01-4422-47b7-baa8-cd8114dd57cd,GE 245,Railings,29000,10,6,174000,4
30/09/2023,b5f2fc3d-3360-477d-829c-86ce2fc68a37,GE 246,Railings,29000,9,4,116000,5
30/09/2023,ef55b232-c0fa-4fa5-aae4-500f08643b10,GE 275,Curtain Wall,30500,18,7,213500,11
30/09/2023,c96ec18d-fbf9-48a1-83e5-05a68a227a7f,GE 195,Sliding,25000,8,8,200000,0
30/09/2023,f3612a9a-f658-4eaf-bb03-13b68dea493e,GE 243,Sliding,29000,15,2,58000,13
30/09/2023,de61d4ef-b3e7-49fa-824e-e2770097cd85,GE 192,Sliding,27500,15,5,137500,10
30/09/2023,fcdb2da0-0c77-44f3-8a05-d2a349b5a763,GE 75,Doors,28000,11,1,28000,10
30/09/2023,f22b8e3a-64a0-4f01-8977-721ecba85cce,GE 125,Doors,18000,12,6,108000,6
30/09/2023,86de73fe-1591-4fbe-9df5-33afede89921,GE 142,Doors,13500,18,4,54000,14
30/09/2023,94d632d2-74cd-456f-a632-cca1c5242f5e,GE 68,Doors,12000,11,2,24000,9
30/09/2023,07259106-c125-42f6-b701-0592a48bc669,GE 172,Doors,15000,13,3,45000,10
30/09/2023,04d35512-cec6-4e48-864e-4d5b6d08684d,GE 211,Doors,20000,17,3,60000,14
30/09/2023,7f66913b-cf98-4cd9-b556-8d87a7c81149,GE 89,Doors,15000,18,6,90000,12
30/09/2023,bab30b58-c96f-4634-9360-24b3d6cfed3a,GE 210,Doors,18000,17,6,108000,11
30/09/2023,50cc8925-653e-43d6-81c4-a48837225986,GE 90,Doors,18500,12,2,37000,10
30/09/2023,460012e9-0330-49a1-b02f-c89101310a7c,GE 255,Doors,20500,10,7,143500,3
30/09/2023,946c62b7-ced8-42ca-b8d7-fd8149781b85,GE 230,Doors,18500,19,1,18500,18
30/09/2023,3413b9e8-2970-4779-bb38-00b66378bf4c,GE 44,Doors,25900,18,7,181300,11
30/09/2023,9abc5851-c541-481b-b608-a8fd014cd5fe,GE 46,Doors,15500,13,5,77500,8
30/09/2024,60bad51b-32e6-4611-989a-892f63ea1721,GE 55,Doors,15000,8,5,75000,3
30/09/2024,01ffe34c-f81a-4674-8dcd-1582d59b0288,GE 53,Doors,18500,9,5,92500,4
30/09/2024,bfcd436f-18f8-4297-9931-36c1e5670d60,GE 120,Window,16000,18,1,16000,17
30/09/2024,ed89a15d-5ce2-4008-87fe-c7c2803d6c38,GE 110,Window,20000,15,5,100000,10
30/09/2024,947272da-97c7-4d73-ac89-7dcc3727aa33,GE 162,Window,18000,14,8,144000,6
30/09/2024,e34b546d-7b56-4f83-b8f7-3f27a4a89a3b,GE 108,Window,22500,9,3,67500,6
30/09/2024,c25f34c8-8678-4433-a4e1-58c99730f9ec,PD Door,Casement,13500,13,3,40500,10
30/09/2024,7f49f977-2bc6-4685-9de8-951c1a0302a5,GE 40,Casement,27500,11,2,55000,9
30/09/2024,508d4434-222f-4b32-9f5a-1476a1328abf,Top Hung,Sliding,29000,15,6,174000,9
30/09/2024,37835726-5665-42f5-8650-e32c11248a80,GE 157,Sliding,25950,18,1,25950,17
30/09/2024,8b7c8a04-4078-4c97-a4fc-0a02237b5f6a,Glass Railings,Railings,27500,19,1,27500,18
30/09/2024,a5c371f6-48a9-4ff2-bacb-ce938d78bae6,Canopy,Canopy,35500,17,3,106500,14
30/09/2024,ecafecf1-549a-464d-8d0b-f7e9f9b06758,Mullion 120,Curtain Wall,45000,9,5,225000,4
30/09/2024,12516a01-4422-47b7-baa8-cd8114dd57cd,GE 75,Door,28000,11,1,28000,10
30/09/2024,c96ec18d-fbf9-48a1-83e5-05a68a227a7f,GE 155,Door,22000,9,9,198000,0
30/09/2024,c5eda2cf-da7c-4097-905b-5e80ff178364,Shower Enclosure,Shower,16000,12,1,16000,11
30/09/2024,ef6562b3-fc34-4cd4-a306-1d4378d7f9f4,GE 155,Casement,22000,11,7,154000,4
30/09/2024,c436211f-2f1e-490d-910a-376005de373e,GE 220,Casement,18000,8,5,90000,3
30/09/2024,06ccee25-8910-4179-8598-0c5c86e8dddb,GE 88,Windows,22000,17,2,44000,15
30/09/2024,6b5d7df9-72a7-4e2a-ae12-4c7b63b0ce09,GE 167,Windows,25500,16,7,178500,9
30/09/2024,735034b4-daa2-4f3b-9b0c-2271f229bf34,GE 196,Windows,21500,17,6,129000,11
30/09/2024,6b1e998e-61c8-4852-bc43-fa12ee937bed,GE 173,Windows,12500,18,5,62500,13
30/09/2024,5558231e-211d-438e-be31-b84465237df9,GE 200,Windows,25500,11,4,102000,7
30/09/2024,d81c2f9c-1458-4d24-9f9b-369e4ac32b66,GE 201,Windows,15500,19,4,62000,15
30/09/2024,c07787b4-eca4-4122-b8f8-9853c61d4345,GE 250,Windows,29500,14,4,118000,10
30/09/2024,216a269f-65f9-4c21-8b5a-aead377717f3,GE 299,Windows,24500,17,1,24500,16
30/09/2024,2ec8374c-2898-4d99-ba50-479f446fd759,GE 166,Windows,15500,15,4,62000,11
30/09/2024,8fe30126-021d-4823-a675-9e1f929f2926,GE 232,Windows,10500,12,2,21000,10
30/09/2024,f3612a9a-f658-4eaf-bb03-13b68dea493e,GE 242,Canopy,29900,14,6,179400,8
30/09/2024,8c222d94-46c7-4051-a465-ee073f50fb57,GE 139,Canopy,30900,13,6,185400,7
30/09/2024,63864ea6-eb45-4a8c-be75-51e170f483b8,GE 240,Railings,25000,18,2,50000,16
30/09/2024,12516a01-4422-47b7-baa8-cd8114dd57cd,GE 245,Railings,29000,19,4,116000,15
30/09/2024,b5f2fc3d-3360-477d-829c-86ce2fc68a37,GE 246,Railings,29000,19,4,116000,15
30/09/2024,ef55b232-c0fa-4fa5-aae4-500f08643b10,GE 275,Curtain Wall,30500,17,7,213500,10
30/09/2024,c96ec18d-fbf9-48a1-83e5-05a68a227a7f,GE 195,Sliding,25000,13,6,150000,7
30/09/2024,f3612a9a-f658-4eaf-bb03-13b68dea493e,GE 243,Sliding,29000,16,2,58000,14
30/09/2024,de61d4ef-b3e7-49fa-824e-e2770097cd85,GE 192,Sliding,27500,9,4,110000,5
30/09/2024,fcdb2da0-0c77-44f3-8a05-d2a349b5a763,GE 75,Doors,28000,8,7,196000,1
30/09/2024,f22b8e3a-64a0-4f01-8977-721ecba85cce,GE 125,Doors,18000,8,1,18000,7
30/09/2024,86de73fe-1591-4fbe-9df5-33afede89921,GE 142,Doors,13500,17,9,121500,8
30/09/2024,94d632d2-74cd-456f-a632-cca1c5242f5e,GE 68,Doors,12000,8,8,96000,0
30/09/2024,07259106-c125-42f6-b701-0592a48bc669,GE 172,Doors,15000,15,9,135000,6
30/09/2024,04d35512-cec6-4e48-864e-4d5b6d08684d,GE 211,Doors,20000,8,7,140000,1
30/09/2024,7f66913b-cf98-4cd9-b556-8d87a7c81149,GE 89,Doors,15000,8,8,120000,0
30/09/2024,bab30b58-c96f-4634-9360-24b3d6cfed3a,GE 210,Doors,18000,13,3,54000,10
30/09/2024,50cc8925-653e-43d6-81c4-a48837225986,GE 90,Doors,18500,15,7,129500,8
30/09/2024,460012e9-0330-49a1-b02f-c89101310a7c,GE 255,Doors,20500,18,6,123000,12
30/09/2024,946c62b7-ced8-42ca-b8d7-fd8149781b85,GE 230,Doors,18500,12,3,55500,9
30/09/2024,3413b9e8-2970-4779-bb38-00b66378bf4c,GE 44,Doors,25900,12,7,181300,5
30/09/2024,9abc5851-c541-481b-b608-a8fd014cd5fe,GE 46,Doors,15500,14,1,15500,13
30/09/2025,60bad51b-32e6-4611-989a-892f63ea1721,GE 55,Doors,15000,9,1,15000,8
30/09/2025,01ffe34c-f81a-4674-8dcd-1582d59b0288,GE 53,Doors,18500,17,7,129500,10
30/09/2025,bfcd436f-18f8-4297-9931-36c1e5670d60,GE 120,Window,16000,10,6,96000,4
30/09/2025,ed89a15d-5ce2-4008-87fe-c7c2803d6c38,GE 110,Window,20000,15,4,80000,11
30/09/2025,947272da-97c7-4d73-ac89-7dcc3727aa33,GE 162,Window,18000,19,2,36000,17
30/09/2025,e34b546d-7b56-4f83-b8f7-3f27a4a89a3b,GE 108,Window,22500,19,2,45000,17
30/09/2025,c25f34c8-8678-4433-a4e1-58c99730f9ec,PD Door,Casement,13500,13,5,67500,8
30/09/2025,7f49f977-2bc6-4685-9de8-951c1a0302a5,GE 40,Casement,27500,12,3,82500,9
30/09/2025,508d4434-222f-4b32-9f5a-1476a1328abf,Top Hung,Sliding,29000,19,9,261000,10
30/09/2025,37835726-5665-42f5-8650-e32c11248a80,GE 157,Sliding,25950,12,7,181650,5
30/09/2025,8b7c8a04-4078-4c97-a4fc-0a02237b5f6a,Glass Railings,Railings,27500,17,6,165000,11
30/09/2025,a5c371f6-48a9-4ff2-bacb-ce938d78bae6,Canopy,Canopy,35500,12,8,284000,4
30/09/2025,ecafecf1-549a-464d-8d0b-f7e9f9b06758,Mullion 120,Curtain Wall,45000,17,6,270000,11
30/09/2025,12516a01-4422-47b7-baa8-cd8114dd57cd,GE 75,Door,28000,11,7,196000,4
30/09/2025,c96ec18d-fbf9-48a1-83e5-05a68a227a7f,GE 155,Door,22000,11,4,88000,7
30/09/2025,c5eda2cf-da7c-4097-905b-5e80ff178364,Shower Enclosure,Shower,16000,12,7,112000,5
30/09/2025,ef6562b3-fc34-4cd4-a306-1d4378d7f9f4,GE 155,Casement,22000,8,4,88000,4
30/09/2025,c436211f-2f1e-490d-910a-376005de373e,GE 220,Casement,18000,14,4,72000,10
30/09/2025,06ccee25-8910-4179-8598-0c5c86e8dddb,GE 88,Windows,22000,11,7,154000,4
30/09/2025,6b5d7df9-72a7-4e2a-ae12-4c7b63b0ce09,GE 167,Windows,25500,19,5,127500,14
30/09/2025,735034b4-daa2-4f3b-9b0c-2271f229bf34,GE 196,Windows,21500,8,6,129000,2
30/09/2025,6b1e998e-61c8-4852-bc43-fa12ee937bed,GE 173,Windows,12500,12,9,112500,3
30/09/2025,5558231e-211d-438e-be31-b84465237df9,GE 200,Windows,25500,19,4,102000,15
30/09/2025,d81c2f9c-1458-4d24-9f9b-369e4ac32b66,GE 201,Windows,15500,9,7,108500,2
30/09/2025,c07787b4-eca4-4122-b8f8-9853c61d4345,GE 250,Windows,29500,17,8,236000,9
30/09/2025,216a269f-65f9-4c21-8b5a-aead377717f3,GE 299,Windows,24500,13,6,147000,7
30/09/2025,2ec8374c-2898-4d99-ba50-479f446fd759,GE 166,Windows,15500,14,1,15500,13
30/09/2025,8fe30126-021d-4823-a675-9e1f929f2926,GE 232,Windows,10500,10,2,21000,8
30/09/2025,f3612a9a-f658-4eaf-bb03-13b68dea493e,GE 242,Canopy,29900,13,7,209300,6
30/09/2025,8c222d94-46c7-4051-a465-ee073f50fb57,GE 139,Canopy,30900,13,4,123600,9
30/09/2025,63864ea6-eb45-4a8c-be75-51e170f483b8,GE 240,Railings,25000,13,6,150000,7
30/09/2025,12516a01-4422-47b7-baa8-cd8114dd57cd,GE 245,Railings,29000,15,6,174000,9
30/09/2025,b5f2fc3d-3360-477d-829c-86ce2fc68a37,GE 246,Railings,29000,19,3,87000,16
30/09/2025,ef55b232-c0fa-4fa5-aae4-500f08643b10,GE 275,Curtain Wall,30500,10,1,30500,9
30/09/2025,c96ec18d-fbf9-48a1-83e5-05a68a227a7f,GE 195,Sliding,25000,9,5,125000,4
30/09/2025,f3612a9a-f658-4eaf-bb03-13b68dea493e,GE 243,Sliding,29000,16,3,87000,13
30/09/2025,de61d4ef-b3e7-49fa-824e-e2770097cd85,GE 192,Sliding,27500,11,7,192500,4
30/09/2025,fcdb2da0-0c77-44f3-8a05-d2a349b5a763,GE 75,Doors,28000,9,5,140000,4
30/09/2025,f22b8e3a-64a0-4f01-8977-721ecba85cce,GE 125,Doors,18000,19,5,90000,14
30/09/2025,86de73fe-1591-4fbe-9df5-33afede89921,GE 142,Doors,13500,17,1,13500,16
30/09/2025,94d632d2-74cd-456f-a632-cca1c5242f5e,GE 68,Doors,12000,17,1,12000,16
30/09/2025,07259106-c125-42f6-b701-0592a48bc669,GE 172,Doors,15000,18,4,60000,14
30/09/2025,04d35512-cec6-4e48-864e-4d5b6d08684d,GE 211,Doors,20000,13,3,60000,10
30/09/2025,7f66913b-cf98-4cd9-b556-8d87a7c81149,GE 89,Doors,15000,13,7,105000,6
30/09/2025,bab30b58-c96f-4634-9360-24b3d6cfed3a,GE 210,Doors,18000,18,1,18000,17
30/09/2025,50cc8925-653e-43d6-81c4-a48837225986,GE 90,Doors,18500,14,3,55500,11
30/09/2025,460012e9-0330-49a1-b02f-c89101310a7c,GE 255,Doors,20500,15,7,143500,8
30/09/2025,946c62b7-ced8-42ca-b8d7-fd8149781b85,GE 230,Doors,18500,15,4,74000,11
30/09/2025,3413b9e8-2970-4779-bb38-00b66378bf4c,GE 44,Doors,25900,14,1,25900,13
30/09/2025,9abc5851-c541-481b-b608-a8fd014cd5fe,GE 46,Doors,15500,16,8,124000,8
30/11/2022,60bad51b-32e6-4611-989a-892f63ea1721,GE 55,Doors,15000,17,2,30000,15
30/11/2022,01ffe34c-f81a-4674-8dcd-1582d59b0288,GE 53,Doors,18500,12,7,129500,5
30/11/2022,bfcd436f-18f8-4297-9931-36c1e5670d60,GE 120,Window,16000,9,4,64000,5
30/11/2022,ed89a15d-5ce2-4008-87fe-c7c2803d6c38,GE 110,Window,20000,19,2,40000,17
30/11/2022,947272da-97c7-4d73-ac89-7dcc3727aa33,GE 162,Window,18000,18,1,18000,17
30/11/2022,e34b546d-7b56-4f83-b8f7-3f27a4a89a3b,GE 108,Window,22500,15,2,45000,13
30/11/2022,c25f34c8-8678-4433-a4e1-58c99730f9ec,PD Door,Casement,13500,15,6,81000,9
30/11/2022,7f49f977-2bc6-4685-9de8-951c1a0302a5,GE 40,Casement,27500,13,3,82500,10
30/11/2022,508d4434-222f-4b32-9f5a-1476a1328abf,Top Hung,Sliding,29000,17,1,29000,16
30/11/2022,37835726-5665-42f5-8650-e32c11248a80,GE 157,Sliding,25950,19,4,103800,15
30/11/2022,8b7c8a04-4078-4c97-a4fc-0a02237b5f6a,Glass Railings,Railings,27500,12,6,165000,6
30/11/2022,a5c371f6-48a9-4ff2-bacb-ce938d78bae6,Canopy,Canopy,35500,11,4,142000,7
30/11/2022,ecafecf1-549a-464d-8d0b-f7e9f9b06758,Mullion 120,Curtain Wall,45000,18,1,45000,17
30/11/2022,12516a01-4422-47b7-baa8-cd8114dd57cd,GE 75,Door,28000,8,2,56000,6
30/11/2022,c96ec18d-fbf9-48a1-83e5-05a68a227a7f,GE 155,Door,22000,13,2,44000,11
30/11/2022,c5eda2cf-da7c-4097-905b-5e80ff178364,Shower Enclosure,Shower,16000,9,2,32000,7
30/11/2022,ef6562b3-fc34-4cd4-a306-1d4378d7f9f4,GE 155,Casement,22000,19,4,88000,15
30/11/2022,c436211f-2f1e-490d-910a-376005de373e,GE 220,Casement,18000,11,5,90000,6
30/11/2022,06ccee25-8910-4179-8598-0c5c86e8dddb,GE 88,Windows,22000,18,1,22000,17
30/11/2022,6b5d7df9-72a7-4e2a-ae12-4c7b63b0ce09,GE 167,Windows,25500,10,3,76500,7
30/11/2022,735034b4-daa2-4f3b-9b0c-2271f229bf34,GE 196,Windows,21500,17,2,43000,15
30/11/2022,6b1e998e-61c8-4852-bc43-fa12ee937bed,GE 173,Windows,12500,11,1,12500,10
30/11/2022,5558231e-211d-438e-be31-b84465237df9,GE 200,Windows,25500,16,6,153000,10
30/11/2022,d81c2f9c-1458-4d24-9f9b-369e4ac32b66,GE 201,Windows,15500,11,2,31000,9
30/11/2022,c07787b4-eca4-4122-b8f8-9853c61d4345,GE 250,Windows,29500,11,6,177000,5
30/11/2022,216a269f-65f9-4c21-8b5a-aead377717f3,GE 299,Windows,24500,10,1,24500,9
30/11/2022,2ec8374c-2898-4d99-ba50-479f446fd759,GE 166,Windows,15500,15,4,62000,11
30/11/2022,8fe30126-021d-4823-a675-9e1f929f2926,GE 232,Windows,10500,12,3,31500,9
30/11/2022,f3612a9a-f658-4eaf-bb03-13b68dea493e,GE 242,Canopy,29900,10,1,29900,9
30/11/2022,8c222d94-46c7-4051-a465-ee073f50fb57,GE 139,Canopy,30900,18,1,30900,17
30/11/2022,63864ea6-eb45-4a8c-be75-51e170f483b8,GE 240,Railings,25000,13,2,50000,11
30/11/2022,12516a01-4422-47b7-baa8-cd8114dd57cd,GE 245,Railings,29000,8,1,29000,7
30/11/2022,b5f2fc3d-3360-477d-829c-86ce2fc68a37,GE 246,Railings,29000,9,4,116000,5
30/11/2022,ef55b232-c0fa-4fa5-aae4-500f08643b10,GE 275,Curtain Wall,30500,15,4,122000,11
30/11/2022,c96ec18d-fbf9-48a1-83e5-05a68a227a7f,GE 195,Sliding,25000,8,6,150000,2
30/11/2022,f3612a9a-f658-4eaf-bb03-13b68dea493e,GE 243,Sliding,29000,18,6,174000,12
30/11/2022,de61d4ef-b3e7-49fa-824e-e2770097cd85,GE 192,Sliding,27500,14,3,82500,11
30/11/2022,fcdb2da0-0c77-44f3-8a05-d2a349b5a763,GE 75,Doors,28000,19,6,168000,13
30/11/2022,f22b8e3a-64a0-4f01-8977-721ecba85cce,GE 125,Doors,18000,17,3,54000,14
30/11/2022,86de73fe-1591-4fbe-9df5-33afede89921,GE 142,Doors,13500,16,6,81000,10
30/11/2022,94d632d2-74cd-456f-a632-cca1c5242f5e,GE 68,Doors,12000,8,7,84000,1
30/11/2022,07259106-c125-42f6-b701-0592a48bc669,GE 172,Doors,15000,11,1,15000,10
30/11/2022,04d35512-cec6-4e48-864e-4d5b6d08684d,GE 211,Doors,20000,16,4,80000,12
30/11/2022,7f66913b-cf98-4cd9-b556-8d87a7c81149,GE 89,Doors,15000,13,5,75000,8
30/11/2022,bab30b58-c96f-4634-9360-24b3d6cfed3a,GE 210,Doors,18000,15,3,54000,12
30/11/2022,50cc8925-653e-43d6-81c4-a48837225986,GE 90,Doors,18500,8,5,92500,3
30/11/2022,460012e9-0330-49a1-b02f-c89101310a7c,GE 255,Doors,20500,9,7,143500,2
30/11/2022,946c62b7-ced8-42ca-b8d7-fd8149781b85,GE 230,Doors,18500,13,3,55500,10
30/11/2022,3413b9e8-2970-4779-bb38-00b66378bf4c,GE 44,Doors,25900,8,4,103600,4
30/11/2022,9abc5851-c541-481b-b608-a8fd014cd5fe,GE 46,Doors,15500,15,3,46500,12
30/11/2023,60bad51b-32e6-4611-989a-892f63ea1721,GE 55,Doors,15000,15,1,15000,14
30/11/2023,01ffe34c-f81a-4674-8dcd-1582d59b0288,GE 53,Doors,18500,17,5,92500,12
30/11/2023,bfcd436f-18f8-4297-9931-36c1e5670d60,GE 120,Window,16000,19,0,0,19
30/11/2023,ed89a15d-5ce2-4008-87fe-c7c2803d6c38,GE 110,Window,20000,15,5,100000,10
30/11/2023,947272da-97c7-4d73-ac89-7dcc3727aa33,GE 162,Window,18000,10,6,108000,4
30/11/2023,e34b546d-7b56-4f83-b8f7-3f27a4a89a3b,GE 108,Window,22500,14,3,67500,11
30/11/2023,c25f34c8-8678-4433-a4e1-58c99730f9ec,PD Door,Casement,13500,14,7,94500,7
30/11/2023,7f49f977-2bc6-4685-9de8-951c1a0302a5,GE 40,Casement,27500,8,1,27500,7
30/11/2023,508d4434-222f-4b32-9f5a-1476a1328abf,Top Hung,Sliding,29000,12,3,87000,9
30/11/2023,37835726-5665-42f5-8650-e32c11248a80,GE 157,Sliding,25950,16,1,25950,15
30/11/2023,8b7c8a04-4078-4c97-a4fc-0a02237b5f6a,Glass Railings,Railings,27500,8,7,192500,1
30/11/2023,a5c371f6-48a9-4ff2-bacb-ce938d78bae6,Canopy,Canopy,35500,11,6,213000,5
30/11/2023,ecafecf1-549a-464d-8d0b-f7e9f9b06758,Mullion 120,Curtain Wall,45000,9,7,315000,2
30/11/2023,12516a01-4422-47b7-baa8-cd8114dd57cd,GE 75,Door,28000,11,6,168000,5
30/11/2023,c96ec18d-fbf9-48a1-83e5-05a68a227a7f,GE 155,Door,22000,13,7,154000,6
30/11/2023,c5eda2cf-da7c-4097-905b-5e80ff178364,Shower Enclosure,Shower,16000,18,2,32000,16
30/11/2023,ef6562b3-fc34-4cd4-a306-1d4378d7f9f4,GE 155,Casement,22000,9,2,44000,7
30/11/2023,c436211f-2f1e-490d-910a-376005de373e,GE 220,Casement,18000,18,1,18000,17
30/11/2023,06ccee25-8910-4179-8598-0c5c86e8dddb,GE 88,Windows,22000,16,1,22000,15
30/11/2023,6b5d7df9-72a7-4e2a-ae12-4c7b63b0ce09,GE 167,Windows,25500,17,2,51000,15
30/11/2023,735034b4-daa2-4f3b-9b0c-2271f229bf34,GE 196,Windows,21500,13,1,21500,12
30/11/2023,6b1e998e-61c8-4852-bc43-fa12ee937bed,GE 173,Windows,12500,9,1,12500,8
30/11/2023,5558231e-211d-438e-be31-b84465237df9,GE 200,Windows,25500,19,1,25500,18
30/11/2023,d81c2f9c-1458-4d24-9f9b-369e4ac32b66,GE 201,Windows,15500,19,4,62000,15
30/11/2023,c07787b4-eca4-4122-b8f8-9853c61d4345,GE 250,Windows,29500,18,3,88500,15
30/11/2023,216a269f-65f9-4c21-8b5a-aead377717f3,GE 299,Windows,24500,9,5,122500,4
30/11/2023,2ec8374c-2898-4d99-ba50-479f446fd759,GE 166,Windows,15500,9,3,46500,6
30/11/2023,8fe30126-021d-4823-a675-9e1f929f2926,GE 232,Windows,10500,8,7,73500,1
30/11/2023,f3612a9a-f658-4eaf-bb03-13b68dea493e,GE 242,Canopy,29900,19,3,89700,16
30/11/2023,8c222d94-46c7-4051-a465-ee073f50fb57,GE 139,Canopy,30900,17,2,61800,15
30/11/2023,63864ea6-eb45-4a8c-be75-51e170f483b8,GE 240,Railings,25000,19,4,100000,15
30/11/2023,12516a01-4422-47b7-baa8-cd8114dd57cd,GE 245,Railings,29000,14,2,58000,12
30/11/2023,b5f2fc3d-3360-477d-829c-86ce2fc68a37,GE 246,Railings,29000,12,7,203000,5
30/11/2023,ef55b232-c0fa-4fa5-aae4-500f08643b10,GE 275,Curtain Wall,30500,12,1,30500,11
30/11/2023,c96ec18d-fbf9-48a1-83e5-05a68a227a7f,GE 195,Sliding,25000,18,1,25000,17
30/11/2023,f3612a9a-f658-4eaf-bb03-13b68dea493e,GE 243,Sliding,29000,16,7,203000,9
30/11/2023,de61d4ef-b3e7-49fa-824e-e2770097cd85,GE 192,Sliding,27500,11,3,82500,8
30/11/2023,fcdb2da0-0c77-44f3-8a05-d2a349b5a763,GE 75,Doors,28000,12,2,56000,10
30/11/2023,f22b8e3a-64a0-4f01-8977-721ecba85cce,GE 125,Doors,18000,13,5,90000,8
30/11/2023,86de73fe-1591-4fbe-9df5-33afede89921,GE 142,Doors,13500,10,2,27000,8
30/11/2023,94d632d2-74cd-456f-a632-cca1c5242f5e,GE 68,Doors,12000,10,4,48000,6
30/11/2023,07259106-c125-42f6-b701-0592a48bc669,GE 172,Doors,15000,14,1,15000,13
30/11/2023,04d35512-cec6-4e48-864e-4d5b6d08684d,GE 211,Doors,20000,12,6,120000,6
30/11/2023,7f66913b-cf98-4cd9-b556-8d87a7c81149,GE 89,Doors,15000,9,1,15000,8
30/11/2023,bab30b58-c96f-4634-9360-24b3d6cfed3a,GE 210,Doors,18000,18,8,144000,10
30/11/2023,50cc8925-653e-43d6-81c4-a48837225986,GE 90,Doors,18500,8,5,92500,3
30/11/2023,460012e9-0330-49a1-b02f-c89101310a7c,GE 255,Doors,20500,9,1,20500,8
30/11/2023,946c62b7-ced8-42ca-b8d7-fd8149781b85,GE 230,Doors,18500,14,5,92500,9
30/11/2023,3413b9e8-2970-4779-bb38-00b66378bf4c,GE 44,Doors,25900,19,8,207200,11
30/11/2023,9abc5851-c541-481b-b608-a8fd014cd5fe,GE 46,Doors,15500,12,5,77500,7
30/11/2024,60bad51b-32e6-4611-989a-892f63ea1721,GE 55,Doors,15000,12,4,60000,8
30/11/2024,01ffe34c-f81a-4674-8dcd-1582d59b0288,GE 53,Doors,18500,13,1,18500,12
30/11/2024,bfcd436f-18f8-4297-9931-36c1e5670d60,GE 120,Window,16000,17,5,80000,12
30/11/2024,ed89a15d-5ce2-4008-87fe-c7c2803d6c38,GE 110,Window,20000,11,8,160000,3
30/11/2024,947272da-97c7-4d73-ac89-7dcc3727aa33,GE 162,Window,18000,18,4,72000,14
30/11/2024,e34b546d-7b56-4f83-b8f7-3f27a4a89a3b,GE 108,Window,22500,15,7,157500,8
30/11/2024,c25f34c8-8678-4433-a4e1-58c99730f9ec,PD Door,Casement,13500,19,5,67500,14
30/11/2024,7f49f977-2bc6-4685-9de8-951c1a0302a5,GE 40,Casement,27500,18,1,27500,17
30/11/2024,508d4434-222f-4b32-9f5a-1476a1328abf,Top Hung,Sliding,29000,8,6,174000,2
30/11/2024,37835726-5665-42f5-8650-e32c11248a80,GE 157,Sliding,25950,12,2,51900,10
30/11/2024,8b7c8a04-4078-4c97-a4fc-0a02237b5f6a,Glass Railings,Railings,27500,19,8,220000,11
30/11/2024,a5c371f6-48a9-4ff2-bacb-ce938d78bae6,Canopy,Canopy,35500,19,6,213000,13
30/11/2024,ecafecf1-549a-464d-8d0b-f7e9f9b06758,Mullion 120,Curtain Wall,45000,17,7,315000,10
30/11/2024,12516a01-4422-47b7-baa8-cd8114dd57cd,GE 75,Door,28000,12,6,168000,6
30/11/2024,c96ec18d-fbf9-48a1-83e5-05a68a227a7f,GE 155,Door,22000,11,8,176000,3
30/11/2024,c5eda2cf-da7c-4097-905b-5e80ff178364,Shower Enclosure,Shower,16000,17,7,112000,10
30/11/2024,ef6562b3-fc34-4cd4-a306-1d4378d7f9f4,GE 155,Casement,22000,18,5,110000,13
30/11/2024,c436211f-2f1e-490d-910a-376005de373e,GE 220,Casement,18000,16,8,144000,8
30/11/2024,06ccee25-8910-4179-8598-0c5c86e8dddb,GE 88,Windows,22000,9,7,154000,2
30/11/2024,6b5d7df9-72a7-4e2a-ae12-4c7b63b0ce09,GE 167,Windows,25500,9,7,178500,2
30/11/2024,735034b4-daa2-4f3b-9b0c-2271f229bf34,GE 196,Windows,21500,10,2,43000,8
30/11/2024,6b1e998e-61c8-4852-bc43-fa12ee937bed,GE 173,Windows,12500,13,6,75000,7
30/11/2024,5558231e-211d-438e-be31-b84465237df9,GE 200,Windows,25500,11,5,127500,6
30/11/2024,d81c2f9c-1458-4d24-9f9b-369e4ac32b66,GE 201,Windows,15500,16,4,62000,12
30/11/2024,c07787b4-eca4-4122-b8f8-9853c61d4345,GE 250,Windows,29500,13,5,147500,8
30/11/2024,216a269f-65f9-4c21-8b5a-aead377717f3,GE 299,Windows,24500,16,5,122500,11
30/11/2024,2ec8374c-2898-4d99-ba50-479f446fd759,GE 166,Windows,15500,11,2,31000,9
30/11/2024,8fe30126-021d-4823-a675-9e1f929f2926,GE 232,Windows,10500,11,8,84000,3
30/11/2024,f3612a9a-f658-4eaf-bb03-13b68dea493e,GE 242,Canopy,29900,13,2,59800,11
30/11/2024,8c222d94-46c7-4051-a465-ee073f50fb57,GE 139,Canopy,30900,19,2,61800,17
30/11/2024,63864ea6-eb45-4a8c-be75-51e170f483b8,GE 240,Railings,25000,16,2,50000,14
30/11/2024,12516a01-4422-47b7-baa8-cd8114dd57cd,GE 245,Railings,29000,11,3,87000,8
30/11/2024,b5f2fc3d-3360-477d-829c-86ce2fc68a37,GE 246,Railings,29000,10,1,29000,9
30/11/2024,ef55b232-c0fa-4fa5-aae4-500f08643b10,GE 275,Curtain Wall,30500,10,7,213500,3
30/11/2024,c96ec18d-fbf9-48a1-83e5-05a68a227a7f,GE 195,Sliding,25000,18,5,125000,13
30/11/2024,f3612a9a-f658-4eaf-bb03-13b68dea493e,GE 243,Sliding,29000,9,5,145000,4
30/11/2024,de61d4ef-b3e7-49fa-824e-e2770097cd85,GE 192,Sliding,27500,14,6,165000,8
30/11/2024,fcdb2da0-0c77-44f3-8a05-d2a349b5a763,GE 75,Doors,28000,15,1,28000,14
30/11/2024,f22b8e3a-64a0-4f01-8977-721ecba85cce,GE 125,Doors,18000,12,5,90000,7
30/11/2024,86de73fe-1591-4fbe-9df5-33afede89921,GE 142,Doors,13500,9,4,54000,5
30/11/2024,94d632d2-74cd-456f-a632-cca1c5242f5e,GE 68,Doors,12000,8,4,48000,4
30/11/2024,07259106-c125-42f6-b701-0592a48bc669,GE 172,Doors,15000,8,6,90000,2
30/11/2024,04d35512-cec6-4e48-864e-4d5b6d08684d,GE 211,Doors,20000,14,2,40000,12
30/11/2024,7f66913b-cf98-4cd9-b556-8d87a7c81149,GE 89,Doors,15000,11,4,60000,7
30/11/2024,bab30b58-c96f-4634-9360-24b3d6cfed3a,GE 210,Doors,18000,18,2,36000,16
30/11/2024,50cc8925-653e-43d6-81c4-a48837225986,GE 90,Doors,18500,10,5,92500,5
30/11/2024,460012e9-0330-49a1-b02f-c89101310a7c,GE 255,Doors,20500,18,1,20500,17
30/11/2024,946c62b7-ced8-42ca-b8d7-fd8149781b85,GE 230,Doors,18500,8,2,37000,6
30/11/2024,3413b9e8-2970-4779-bb38-00b66378bf4c,GE 44,Doors,25900,11,7,181300,4
30/11/2024,9abc5851-c541-481b-b608-a8fd014cd5fe,GE 46,Doors,15500,17,6,93000,11
30/11/2025,60bad51b-32e6-4611-989a-892f63ea1721,GE 55,Doors,15000,10,8,120000,2
30/11/2025,01ffe34c-f81a-4674-8dcd-1582d59b0288,GE 53,Doors,18500,17,1,18500,16
30/11/2025,bfcd436f-18f8-4297-9931-36c1e5670d60,GE 120,Window,16000,9,1,16000,8
30/11/2025,ed89a15d-5ce2-4008-87fe-c7c2803d6c38,GE 110,Window,20000,18,3,60000,15
30/11/2025,947272da-97c7-4d73-ac89-7dcc3727aa33,GE 162,Window,18000,8,5,90000,3
30/11/2025,e34b546d-7b56-4f83-b8f7-3f27a4a89a3b,GE 108,Window,22500,19,6,135000,13
30/11/2025,c25f34c8-8678-4433-a4e1-58c99730f9ec,PD Door,Casement,13500,13,4,54000,9
30/11/2025,7f49f977-2bc6-4685-9de8-951c1a0302a5,GE 40,Casement,27500,19,5,137500,14
30/11/2025,508d4434-222f-4b32-9f5a-1476a1328abf,Top Hung,Sliding,29000,8,7,203000,1
30/11/2025,37835726-5665-42f5-8650-e32c11248a80,GE 157,Sliding,25950,18,4,103800,14
30/11/2025,8b7c8a04-4078-4c97-a4fc-0a02237b5f6a,Glass Railings,Railings,27500,14,6,165000,8
30/11/2025,a5c371f6-48a9-4ff2-bacb-ce938d78bae6,Canopy,Canopy,35500,18,6,213000,12
30/11/2025,ecafecf1-549a-464d-8d0b-f7e9f9b06758,Mullion 120,Curtain Wall,45000,14,1,45000,13
30/11/2025,12516a01-4422-47b7-baa8-cd8114dd57cd,GE 75,Door,28000,19,10,280000,9
30/11/2025,c96ec18d-fbf9-48a1-83e5-05a68a227a7f,GE 155,Door,22000,9,5,110000,4
30/11/2025,c5eda2cf-da7c-4097-905b-5e80ff178364,Shower Enclosure,Shower,16000,13,4,64000,9
30/11/2025,ef6562b3-fc34-4cd4-a306-1d4378d7f9f4,GE 155,Casement,22000,18,1,22000,17
30/11/2025,c436211f-2f1e-490d-910a-376005de373e,GE 220,Casement,18000,10,4,72000,6
30/11/2025,06ccee25-8910-4179-8598-0c5c86e8dddb,GE 88,Windows,22000,19,10,220000,9
30/11/2025,6b5d7df9-72a7-4e2a-ae12-4c7b63b0ce09,GE 167,Windows,25500,11,1,25500,10
30/11/2025,735034b4-daa2-4f3b-9b0c-2271f229bf34,GE 196,Windows,21500,9,4,86000,5
30/11/2025,6b1e998e-61c8-4852-bc43-fa12ee937bed,GE 173,Windows,12500,14,5,62500,9
30/11/2025,5558231e-211d-438e-be31-b84465237df9,GE 200,Windows,25500,14,6,153000,8
30/11/2025,d81c2f9c-1458-4d24-9f9b-369e4ac32b66,GE 201,Windows,15500,16,1,15500,15
30/11/2025,c07787b4-eca4-4122-b8f8-9853c61d4345,GE 250,Windows,29500,19,2,59000,17
30/11/2025,216a269f-65f9-4c21-8b5a-aead377717f3,GE 299,Windows,24500,9,2,49000,7
30/11/2025,2ec8374c-2898-4d99-ba50-479f446fd759,GE 166,Windows,15500,19,3,46500,16
30/11/2025,8fe30126-021d-4823-a675-9e1f929f2926,GE 232,Windows,10500,19,3,31500,16
30/11/2025,f3612a9a-f658-4eaf-bb03-13b68dea493e,GE 242,Canopy,29900,14,7,209300,7
30/11/2025,8c222d94-46c7-4051-a465-ee073f50fb57,GE 139,Canopy,30900,10,5,154500,5
30/11/2025,63864ea6-eb45-4a8c-be75-51e170f483b8,GE 240,Railings,25000,14,2,50000,12
30/11/2025,12516a01-4422-47b7-baa8-cd8114dd57cd,GE 245,Railings,29000,13,8,232000,5
30/11/2025,b5f2fc3d-3360-477d-829c-86ce2fc68a37,GE 246,Railings,29000,9,6,174000,3
30/11/2025,ef55b232-c0fa-4fa5-aae4-500f08643b10,GE 275,Curtain Wall,30500,13,2,61000,11
30/11/2025,c96ec18d-fbf9-48a1-83e5-05a68a227a7f,GE 195,Sliding,25000,10,0,0,10
30/11/2025,f3612a9a-f658-4eaf-bb03-13b68dea493e,GE 243,Sliding,29000,17,4,116000,13
30/11/2025,de61d4ef-b3e7-49fa-824e-e2770097cd85,GE 192,Sliding,27500,19,7,192500,12
30/11/2025,fcdb2da0-0c77-44f3-8a05-d2a349b5a763,GE 75,Doors,28000,14,7,196000,7
30/11/2025,f22b8e3a-64a0-4f01-8977-721ecba85cce,GE 125,Doors,18000,11,2,36000,9
30/11/2025,86de73fe-1591-4fbe-9df5-33afede89921,GE 142,Doors,13500,8,5,67500,3
30/11/2025,94d632d2-74cd-456f-a632-cca1c5242f5e,GE 68,Doors,12000,12,2,24000,10
30/11/2025,07259106-c125-42f6-b701-0592a48bc669,GE 172,Doors,15000,10,7,105000,3
30/11/2025,04d35512-cec6-4e48-864e-4d5b6d08684d,GE 211,Doors,20000,11,4,80000,7
30/11/2025,7f66913b-cf98-4cd9-b556-8d87a7c81149,GE 89,Doors,15000,11,1,15000,10
30/11/2025,bab30b58-c96f-4634-9360-24b3d6cfed3a,GE 210,Doors,18000,13,4,72000,9
30/11/2025,50cc8925-653e-43d6-81c4-a48837225986,GE 90,Doors,18500,19,1,18500,18
30/11/2025,460012e9-0330-49a1-b02f-c89101310a7c,GE 255,Doors,20500,11,10,205000,1
30/11/2025,946c62b7-ced8-42ca-b8d7-fd8149781b85,GE 230,Doors,18500,18,9,166500,9
30/11/2025,3413b9e8-2970-4779-bb38-00b66378bf4c,GE 44,Doors,25900,15,1,25900,14
30/11/2025,9abc5851-c541-481b-b608-a8fd014cd5fe,GE 46,Doors,15500,16,2,31000,14
31/01/2022,60bad51b-32e6-4611-989a-892f63ea1721,GE 55,Doors,15000,14,4,60000,10
31/01/2022,01ffe34c-f81a-4674-8dcd-1582d59b0288,GE 53,Doors,18500,18,5,92500,13
31/01/2022,bfcd436f-18f8-4297-9931-36c1e5670d60,GE 120,Window,16000,17,2,32000,15
31/01/2022,ed89a15d-5ce2-4008-87fe-c7c2803d6c38,GE 110,Window,20000,18,5,100000,13
31/01/2022,947272da-97c7-4d73-ac89-7dcc3727aa33,GE 162,Window,18000,15,2,36000,13
31/01/2022,e34b546d-7b56-4f83-b8f7-3f27a4a89a3b,GE 108,Window,22500,9,4,90000,5
31/01/2022,c25f34c8-8678-4433-a4e1-58c99730f9ec,PD Door,Casement,13500,9,3,40500,6
31/01/2022,7f49f977-2bc6-4685-9de8-951c1a0302a5,GE 40,Casement,27500,19,2,55000,17
31/01/2022,508d4434-222f-4b32-9f5a-1476a1328abf,Top Hung,Sliding,29000,19,0,0,19
31/01/2022,37835726-5665-42f5-8650-e32c11248a80,GE 157,Sliding,25950,18,1,25950,17
31/01/2022,8b7c8a04-4078-4c97-a4fc-0a02237b5f6a,Glass Railings,Railings,27500,19,5,137500,14
31/01/2022,a5c371f6-48a9-4ff2-bacb-ce938d78bae6,Canopy,Canopy,35500,10,4,142000,6
31/01/2022,ecafecf1-549a-464d-8d0b-f7e9f9b06758,Mullion 120,Curtain Wall,45000,16,3,135000,13
31/01/2022,12516a01-4422-47b7-baa8-cd8114dd57cd,GE 75,Door,28000,14,5,140000,9
31/01/2022,c96ec18d-fbf9-48a1-83e5-05a68a227a7f,GE 155,Door,22000,9,4,88000,5
31/01/2022,c5eda2cf-da7c-4097-905b-5e80ff178364,Shower Enclosure,Shower,16000,9,1,16000,8
31/01/2022,ef6562b3-fc34-4cd4-a306-1d4378d7f9f4,GE 155,Casement,22000,12,2,44000,10
31/01/2022,c436211f-2f1e-490d-910a-376005de373e,GE 220,Casement,18000,19,4,72000,15
31/01/2022,06ccee25-8910-4179-8598-0c5c86e8dddb,GE 88,Windows,22000,10,6,132000,4
31/01/2022,6b5d7df9-72a7-4e2a-ae12-4c7b63b0ce09,GE 167,Windows,25500,9,3,76500,6
31/01/2022,735034b4-daa2-4f3b-9b0c-2271f229bf34,GE 196,Windows,21500,13,6,129000,7
31/01/2022,6b1e998e-61c8-4852-bc43-fa12ee937bed,GE 173,Windows,12500,13,5,62500,8
31/01/2022,5558231e-211d-438e-be31-b84465237df9,GE 200,Windows,25500,17,4,102000,13
31/01/2022,d81c2f9c-1458-4d24-9f9b-369e4ac32b66,GE 201,Windows,15500,11,6,93000,5
31/01/2022,c07787b4-eca4-4122-b8f8-9853c61d4345,GE 250,Windows,29500,15,5,147500,10
31/01/2022,216a269f-65f9-4c21-8b5a-aead377717f3,GE 299,Windows,24500,16,5,122500,11
31/01/2022,2ec8374c-2898-4d99-ba50-479f446fd759,GE 166,Windows,15500,9,5,77500,4
31/01/2022,8fe30126-021d-4823-a675-9e1f929f2926,GE 232,Windows,10500,16,4,42000,12
31/01/2022,f3612a9a-f658-4eaf-bb03-13b68dea493e,GE 242,Canopy,29900,16,5,149500,11
31/01/2022,8c222d94-46c7-4051-a465-ee073f50fb57,GE 139,Canopy,30900,8,1,30900,7
31/01/2022,63864ea6-eb45-4a8c-be75-51e170f483b8,GE 240,Railings,25000,15,0,0,15
31/01/2022,12516a01-4422-47b7-baa8-cd8114dd57cd,GE 245,Railings,29000,15,2,58000,13
31/01/2022,b5f2fc3d-3360-477d-829c-86ce2fc68a37,GE 246,Railings,29000,15,3,87000,12
31/01/2022,ef55b232-c0fa-4fa5-aae4-500f08643b10,GE 275,Curtain Wall,30500,18,5,152500,13
31/01/2022,c96ec18d-fbf9-48a1-83e5-05a68a227a7f,GE 195,Sliding,25000,17,1,25000,16
31/01/2022,f3612a9a-f658-4eaf-bb03-13b68dea493e,GE 243,Sliding,29000,16,3,87000,13
31/01/2022,de61d4ef-b3e7-49fa-824e-e2770097cd85,GE 192,Sliding,27500,14,5,137500,9
31/01/2022,fcdb2da0-0c77-44f3-8a05-d2a349b5a763,GE 75,Doors,28000,10,4,112000,6
31/01/2022,f22b8e3a-64a0-4f01-8977-721ecba85cce,GE 125,Doors,18000,18,3,54000,15
31/01/2022,86de73fe-1591-4fbe-9df5-33afede89921,GE 142,Doors,13500,12,6,81000,6
31/01/2022,94d632d2-74cd-456f-a632-cca1c5242f5e,GE 68,Doors,12000,12,1,12000,11
31/01/2022,07259106-c125-42f6-b701-0592a48bc669,GE 172,Doors,15000,14,3,45000,11
31/01/2022,04d35512-cec6-4e48-864e-4d5b6d08684d,GE 211,Doors,20000,17,2,40000,15
31/01/2022,7f66913b-cf98-4cd9-b556-8d87a7c81149,GE 89,Doors,15000,10,0,0,10
31/01/2022,bab30b58-c96f-4634-9360-24b3d6cfed3a,GE 210,Doors,18000,11,5,90000,6
31/01/2022,50cc8925-653e-43d6-81c4-a48837225986,GE 90,Doors,18500,14,5,92500,9
31/01/2022,460012e9-0330-49a1-b02f-c89101310a7c,GE 255,Doors,20500,11,4,82000,7
31/01/2022,946c62b7-ced8-42ca-b8d7-fd8149781b85,GE 230,Doors,18500,18,2,37000,16
31/01/2022,3413b9e8-2970-4779-bb38-00b66378bf4c,GE 44,Doors,25900,9,2,51800,7
31/01/2022,9abc5851-c541-481b-b608-a8fd014cd5fe,GE 46,Doors,15500,16,5,77500,11
31/01/2023,60bad51b-32e6-4611-989a-892f63ea1721,GE 55,Doors,15000,13,6,90000,7
31/01/2023,01ffe34c-f81a-4674-8dcd-1582d59b0288,GE 53,Doors,18500,17,5,92500,12
31/01/2023,bfcd436f-18f8-4297-9931-36c1e5670d60,GE 120,Window,16000,8,5,80000,3
31/01/2023,ed89a15d-5ce2-4008-87fe-c7c2803d6c38,GE 110,Window,20000,18,4,80000,14
31/01/2023,947272da-97c7-4d73-ac89-7dcc3727aa33,GE 162,Window,18000,13,4,72000,9
31/01/2023,e34b546d-7b56-4f83-b8f7-3f27a4a89a3b,GE 108,Window,22500,18,5,112500,13
31/01/2023,c25f34c8-8678-4433-a4e1-58c99730f9ec,PD Door,Casement,13500,19,6,81000,13
31/01/2023,7f49f977-2bc6-4685-9de8-951c1a0302a5,GE 40,Casement,27500,15,4,110000,11
31/01/2023,508d4434-222f-4b32-9f5a-1476a1328abf,Top Hung,Sliding,29000,13,4,116000,9
31/01/2023,37835726-5665-42f5-8650-e32c11248a80,GE 157,Sliding,25950,11,2,51900,9
31/01/2023,8b7c8a04-4078-4c97-a4fc-0a02237b5f6a,Glass Railings,Railings,27500,16,6,165000,10
31/01/2023,a5c371f6-48a9-4ff2-bacb-ce938d78bae6,Canopy,Canopy,35500,8,3,106500,5
31/01/2023,ecafecf1-549a-464d-8d0b-f7e9f9b06758,Mullion 120,Curtain Wall,45000,12,3,135000,9
31/01/2023,12516a01-4422-47b7-baa8-cd8114dd57cd,GE 75,Door,28000,8,3,84000,5
31/01/2023,c96ec18d-fbf9-48a1-83e5-05a68a227a7f,GE 155,Door,22000,17,5,110000,12
31/01/2023,c5eda2cf-da7c-4097-905b-5e80ff178364,Shower Enclosure,Shower,16000,15,3,48000,12
31/01/2023,ef6562b3-fc34-4cd4-a306-1d4378d7f9f4,GE 155,Casement,22000,9,1,22000,8
31/01/2023,c436211f-2f1e-490d-910a-376005de373e,GE 220,Casement,18000,16,3,54000,13
31/01/2023,06ccee25-8910-4179-8598-0c5c86e8dddb,GE 88,Windows,22000,19,6,132000,13
31/01/2023,6b5d7df9-72a7-4e2a-ae12-4c7b63b0ce09,GE 167,Windows,25500,11,2,51000,9
31/01/2023,735034b4-daa2-4f3b-9b0c-2271f229bf34,GE 196,Windows,21500,14,2,43000,12
31/01/2023,6b1e998e-61c8-4852-bc43-fa12ee937bed,GE 173,Windows,12500,14,5,62500,9
31/01/2023,5558231e-211d-438e-be31-b84465237df9,GE 200,Windows,25500,12,6,153000,6
31/01/2023,d81c2f9c-1458-4d24-9f9b-369e4ac32b66,GE 201,Windows,15500,8,2,31000,6
31/01/2023,c07787b4-eca4-4122-b8f8-9853c61d4345,GE 250,Windows,29500,9,2,59000,7
31/01/2023,216a269f-65f9-4c21-8b5a-aead377717f3,GE 299,Windows,24500,15,1,24500,14
31/01/2023,2ec8374c-2898-4d99-ba50-479f446fd759,GE 166,Windows,15500,15,1,15500,14
31/01/2023,8fe30126-021d-4823-a675-9e1f929f2926,GE 232,Windows,10500,8,1,10500,7
31/01/2023,f3612a9a-f658-4eaf-bb03-13b68dea493e,GE 242,Canopy,29900,12,6,179400,6
31/01/2023,8c222d94-46c7-4051-a465-ee073f50fb57,GE 139,Canopy,30900,19,2,61800,17
31/01/2023,63864ea6-eb45-4a8c-be75-51e170f483b8,GE 240,Railings,25000,13,1,25000,12
31/01/2023,12516a01-4422-47b7-baa8-cd8114dd57cd,GE 245,Railings,29000,16,6,174000,10
31/01/2023,b5f2fc3d-3360-477d-829c-86ce2fc68a37,GE 246,Railings,29000,16,3,87000,13
31/01/2023,ef55b232-c0fa-4fa5-aae4-500f08643b10,GE 275,Curtain Wall,30500,13,7,213500,6
31/01/2023,c96ec18d-fbf9-48a1-83e5-05a68a227a7f,GE 195,Sliding,25000,10,7,175000,3
31/01/2023,f3612a9a-f658-4eaf-bb03-13b68dea493e,GE 243,Sliding,29000,16,3,87000,13
31/01/2023,de61d4ef-b3e7-49fa-824e-e2770097cd85,GE 192,Sliding,27500,8,7,192500,1
31/01/2023,fcdb2da0-0c77-44f3-8a05-d2a349b5a763,GE 75,Doors,28000,16,5,140000,11
31/01/2023,f22b8e3a-64a0-4f01-8977-721ecba85cce,GE 125,Doors,18000,19,2,36000,17
31/01/2023,86de73fe-1591-4fbe-9df5-33afede89921,GE 142,Doors,13500,12,3,40500,9
31/01/2023,94d632d2-74cd-456f-a632-cca1c5242f5e,GE 68,Doors,12000,16,1,12000,15
31/01/2023,07259106-c125-42f6-b701-0592a48bc669,GE 172,Doors,15000,8,3,45000,5
31/01/2023,04d35512-cec6-4e48-864e-4d5b6d08684d,GE 211,Doors,20000,17,3,60000,14
31/01/2023,7f66913b-cf98-4cd9-b556-8d87a7c81149,GE 89,Doors,15000,17,2,30000,15
31/01/2023,bab30b58-c96f-4634-9360-24b3d6cfed3a,GE 210,Doors,18000,10,6,108000,4
31/01/2023,50cc8925-653e-43d6-81c4-a48837225986,GE 90,Doors,18500,9,7,129500,2
31/01/2023,460012e9-0330-49a1-b02f-c89101310a7c,GE 255,Doors,20500,17,1,20500,16
31/01/2023,946c62b7-ced8-42ca-b8d7-fd8149781b85,GE 230,Doors,18500,9,5,92500,4
31/01/2023,3413b9e8-2970-4779-bb38-00b66378bf4c,GE 44,Doors,25900,11,3,77700,8
31/01/2023,9abc5851-c541-481b-b608-a8fd014cd5fe,GE 46,Doors,15500,13,7,108500,6
31/01/2024,60bad51b-32e6-4611-989a-892f63ea1721,GE 55,Doors,15000,19,5,75000,14
31/01/2024,01ffe34c-f81a-4674-8dcd-1582d59b0288,GE 53,Doors,18500,11,3,55500,8
31/01/2024,bfcd436f-18f8-4297-9931-36c1e5670d60,GE 120,Window,16000,15,4,64000,11
31/01/2024,ed89a15d-5ce2-4008-87fe-c7c2803d6c38,GE 110,Window,20000,16,4,80000,12
31/01/2024,947272da-97c7-4d73-ac89-7dcc3727aa33,GE 162,Window,18000,16,2,36000,14
31/01/2024,e34b546d-7b56-4f83-b8f7-3f27a4a89a3b,GE 108,Window,22500,14,8,180000,6
31/01/2024,c25f34c8-8678-4433-a4e1-58c99730f9ec,PD Door,Casement,13500,17,7,94500,10
31/01/2024,7f49f977-2bc6-4685-9de8-951c1a0302a5,GE 40,Casement,27500,10,7,192500,3
31/01/2024,508d4434-222f-4b32-9f5a-1476a1328abf,Top Hung,Sliding,29000,9,1,29000,8
31/01/2024,37835726-5665-42f5-8650-e32c11248a80,GE 157,Sliding,25950,12,2,51900,10
31/01/2024,8b7c8a04-4078-4c97-a4fc-0a02237b5f6a,Glass Railings,Railings,27500,15,7,192500,8
31/01/2024,a5c371f6-48a9-4ff2-bacb-ce938d78bae6,Canopy,Canopy,35500,11,8,284000,3
31/01/2024,ecafecf1-549a-464d-8d0b-f7e9f9b06758,Mullion 120,Curtain Wall,45000,14,1,45000,13
31/01/2024,12516a01-4422-47b7-baa8-cd8114dd57cd,GE 75,Door,28000,15,2,56000,13
31/01/2024,c96ec18d-fbf9-48a1-83e5-05a68a227a7f,GE 155,Door,22000,13,4,88000,9
31/01/2024,c5eda2cf-da7c-4097-905b-5e80ff178364,Shower Enclosure,Shower,16000,17,4,64000,13
31/01/2024,ef6562b3-fc34-4cd4-a306-1d4378d7f9f4,GE 155,Casement,22000,19,2,44000,17
31/01/2024,c436211f-2f1e-490d-910a-376005de373e,GE 220,Casement,18000,12,2,36000,10
31/01/2024,06ccee25-8910-4179-8598-0c5c86e8dddb,GE 88,Windows,22000,9,3,66000,6
31/01/2024,6b5d7df9-72a7-4e2a-ae12-4c7b63b0ce09,GE 167,Windows,25500,18,1,25500,17
31/01/2024,735034b4-daa2-4f3b-9b0c-2271f229bf34,GE 196,Windows,21500,19,5,107500,14
31/01/2024,6b1e998e-61c8-4852-bc43-fa12ee937bed,GE 173,Windows,12500,11,1,12500,10
31/01/2024,5558231e-211d-438e-be31-b84465237df9,GE 200,Windows,25500,14,4,102000,10
31/01/2024,d81c2f9c-1458-4d24-9f9b-369e4ac32b66,GE 201,Windows,15500,8,1,15500,7
31/01/2024,c07787b4-eca4-4122-b8f8-9853c61d4345,GE 250,Windows,29500,8,3,88500,5
31/01/2024,216a269f-65f9-4c21-8b5a-aead377717f3,GE 299,Windows,24500,12,8,196000,4
31/01/2024,2ec8374c-2898-4d99-ba50-479f446fd759,GE 166,Windows,15500,8,3,46500,5
31/01/2024,8fe30126-021d-4823-a675-9e1f929f2926,GE 232,Windows,10500,8,2,21000,6
31/01/2024,f3612a9a-f658-4eaf-bb03-13b68dea493e,GE 242,Canopy,29900,11,6,179400,5
31/01/2024,8c222d94-46c7-4051-a465-ee073f50fb57,GE 139,Canopy,30900,11,1,30900,10
31/01/2024,63864ea6-eb45-4a8c-be75-51e170f483b8,GE 240,Railings,25000,17,2,50000,15
31/01/2024,12516a01-4422-47b7-baa8-cd8114dd57cd,GE 245,Railings,29000,11,2,58000,9
31/01/2024,b5f2fc3d-3360-477d-829c-86ce2fc68a37,GE 246,Railings,29000,16,1,29000,15
31/01/2024,ef55b232-c0fa-4fa5-aae4-500f08643b10,GE 275,Curtain Wall,30500,8,1,30500,7
31/01/2024,c96ec18d-fbf9-48a1-83e5-05a68a227a7f,GE 195,Sliding,25000,15,5,125000,10
31/01/2024,f3612a9a-f658-4eaf-bb03-13b68dea493e,GE 243,Sliding,29000,11,6,174000,5
31/01/2024,de61d4ef-b3e7-49fa-824e-e2770097cd85,GE 192,Sliding,27500,15,3,82500,12
31/01/2024,fcdb2da0-0c77-44f3-8a05-d2a349b5a763,GE 75,Doors,28000,19,2,56000,17
31/01/2024,f22b8e3a-64a0-4f01-8977-721ecba85cce,GE 125,Doors,18000,19,2,36000,17
31/01/2024,86de73fe-1591-4fbe-9df5-33afede89921,GE 142,Doors,13500,12,8,108000,4
31/01/2024,94d632d2-74cd-456f-a632-cca1c5242f5e,GE 68,Doors,12000,17,5,60000,12
31/01/2024,07259106-c125-42f6-b701-0592a48bc669,GE 172,Doors,15000,11,6,90000,5
31/01/2024,04d35512-cec6-4e48-864e-4d5b6d08684d,GE 211,Doors,20000,16,4,80000,12
31/01/2024,7f66913b-cf98-4cd9-b556-8d87a7c81149,GE 89,Doors,15000,19,6,90000,13
31/01/2024,bab30b58-c96f-4634-9360-24b3d6cfed3a,GE 210,Doors,18000,11,2,36000,9
31/01/2024,50cc8925-653e-43d6-81c4-a48837225986,GE 90,Doors,18500,12,1,18500,11
31/01/2024,460012e9-0330-49a1-b02f-c89101310a7c,GE 255,Doors,20500,15,4,82000,11
31/01/2024,946c62b7-ced8-42ca-b8d7-fd8149781b85,GE 230,Doors,18500,11,2,37000,9
31/01/2024,3413b9e8-2970-4779-bb38-00b66378bf4c,GE 44,Doors,25900,15,2,51800,13
31/01/2024,9abc5851-c541-481b-b608-a8fd014cd5fe,GE 46,Doors,15500,9,1,15500,8
31/01/2025,60bad51b-32e6-4611-989a-892f63ea1721,GE 55,Doors,15000,16,8,120000,8
31/01/2025,01ffe34c-f81a-4674-8dcd-1582d59b0288,GE 53,Doors,18500,12,7,129500,5
31/01/2025,bfcd436f-18f8-4297-9931-36c1e5670d60,GE 120,Window,16000,10,5,80000,5
31/01/2025,ed89a15d-5ce2-4008-87fe-c7c2803d6c38,GE 110,Window,20000,17,4,80000,13
31/01/2025,947272da-97c7-4d73-ac89-7dcc3727aa33,GE 162,Window,18000,18,7,126000,11
31/01/2025,e34b546d-7b56-4f83-b8f7-3f27a4a89a3b,GE 108,Window,22500,11,4,90000,7
31/01/2025,c25f34c8-8678-4433-a4e1-58c99730f9ec,PD Door,Casement,13500,10,5,67500,5
31/01/2025,7f49f977-2bc6-4685-9de8-951c1a0302a5,GE 40,Casement,27500,14,7,192500,7
31/01/2025,508d4434-222f-4b32-9f5a-1476a1328abf,Top Hung,Sliding,29000,17,4,116000,13
31/01/2025,37835726-5665-42f5-8650-e32c11248a80,GE 157,Sliding,25950,9,4,103800,5
31/01/2025,8b7c8a04-4078-4c97-a4fc-0a02237b5f6a,Glass Railings,Railings,27500,13,8,220000,5
31/01/2025,a5c371f6-48a9-4ff2-bacb-ce938d78bae6,Canopy,Canopy,35500,8,2,71000,6
31/01/2025,ecafecf1-549a-464d-8d0b-f7e9f9b06758,Mullion 120,Curtain Wall,45000,10,3,135000,7
31/01/2025,12516a01-4422-47b7-baa8-cd8114dd57cd,GE 75,Door,28000,15,4,112000,11
31/01/2025,c96ec18d-fbf9-48a1-83e5-05a68a227a7f,GE 155,Door,22000,11,0,0,11
31/01/2025,c5eda2cf-da7c-4097-905b-5e80ff178364,Shower Enclosure,Shower,16000,13,8,128000,5
31/01/2025,ef6562b3-fc34-4cd4-a306-1d4378d7f9f4,GE 155,Casement,22000,10,7,154000,3
31/01/2025,c436211f-2f1e-490d-910a-376005de373e,GE 220,Casement,18000,12,1,18000,11
31/01/2025,06ccee25-8910-4179-8598-0c5c86e8dddb,GE 88,Windows,22000,13,8,176000,5
31/01/2025,6b5d7df9-72a7-4e2a-ae12-4c7b63b0ce09,GE 167,Windows,25500,13,5,127500,8
31/01/2025,735034b4-daa2-4f3b-9b0c-2271f229bf34,GE 196,Windows,21500,8,8,172000,0
31/01/2025,6b1e998e-61c8-4852-bc43-fa12ee937bed,GE 173,Windows,12500,19,8,100000,11
31/01/2025,5558231e-211d-438e-be31-b84465237df9,GE 200,Windows,25500,14,2,51000,12
31/01/2025,d81c2f9c-1458-4d24-9f9b-369e4ac32b66,GE 201,Windows,15500,16,3,46500,13
31/01/2025,c07787b4-eca4-4122-b8f8-9853c61d4345,GE 250,Windows,29500,10,1,29500,9
31/01/2025,216a269f-65f9-4c21-8b5a-aead377717f3,GE 299,Windows,24500,10,8,196000,2
31/01/2025,2ec8374c-2898-4d99-ba50-479f446fd759,GE 166,Windows,15500,10,8,124000,2
31/01/2025,8fe30126-021d-4823-a675-9e1f929f2926,GE 232,Windows,10500,15,1,10500,14
31/01/2025,f3612a9a-f658-4eaf-bb03-13b68dea493e,GE 242,Canopy,29900,17,4,119600,13
31/01/2025,8c222d94-46c7-4051-a465-ee073f50fb57,GE 139,Canopy,30900,13,5,154500,8
31/01/2025,63864ea6-eb45-4a8c-be75-51e170f483b8,GE 240,Railings,25000,14,1,25000,13
31/01/2025,12516a01-4422-47b7-baa8-cd8114dd57cd,GE 245,Railings,29000,13,1,29000,12
31/01/2025,b5f2fc3d-3360-477d-829c-86ce2fc68a37,GE 246,Railings,29000,16,2,58000,14
31/01/2025,ef55b232-c0fa-4fa5-aae4-500f08643b10,GE 275,Curtain Wall,30500,14,6,183000,8
31/01/2025,c96ec18d-fbf9-48a1-83e5-05a68a227a7f,GE 195,Sliding,25000,18,5,125000,13
31/01/2025,f3612a9a-f658-4eaf-bb03-13b68dea493e,GE 243,Sliding,29000,19,7,203000,12
31/01/2025,de61d4ef-b3e7-49fa-824e-e2770097cd85,GE 192,Sliding,27500,11,1,27500,10
31/01/2025,fcdb2da0-0c77-44f3-8a05-d2a349b5a763,GE 75,Doors,28000,13,2,56000,11
31/01/2025,f22b8e3a-64a0-4f01-8977-721ecba85cce,GE 125,Doors,18000,14,8,144000,6
31/01/2025,86de73fe-1591-4fbe-9df5-33afede89921,GE 142,Doors,13500,10,6,81000,4
31/01/2025,94d632d2-74cd-456f-a632-cca1c5242f5e,GE 68,Doors,12000,11,2,24000,9
31/01/2025,07259106-c125-42f6-b701-0592a48bc669,GE 172,Doors,15000,18,4,60000,14
31/01/2025,04d35512-cec6-4e48-864e-4d5b6d08684d,GE 211,Doors,20000,16,2,40000,14
31/01/2025,7f66913b-cf98-4cd9-b556-8d87a7c81149,GE 89,Doors,15000,10,4,60000,6
31/01/2025,bab30b58-c96f-4634-9360-24b3d6cfed3a,GE 210,Doors,18000,11,6,108000,5
31/01/2025,50cc8925-653e-43d6-81c4-a48837225986,GE 90,Doors,18500,17,1,18500,16
31/01/2025,460012e9-0330-49a1-b02f-c89101310a7c,GE 255,Doors,20500,13,4,82000,9
31/01/2025,946c62b7-ced8-42ca-b8d7-fd8149781b85,GE 230,Doors,18500,19,8,148000,11
31/01/2025,3413b9e8-2970-4779-bb38-00b66378bf4c,GE 44,Doors,25900,17,6,155400,11
31/01/2025,9abc5851-c541-481b-b608-a8fd014cd5fe,GE 46,Doors,15500,8,3,46500,5
31/01/2026,60bad51b-32e6-4611-989a-892f63ea1721,GE 55,Doors,15000,17,2,30000,15
31/01/2026,01ffe34c-f81a-4674-8dcd-1582d59b0288,GE 53,Doors,18500,13,6,111000,7
31/01/2026,bfcd436f-18f8-4297-9931-36c1e5670d60,GE 120,Window,16000,13,1,16000,12
31/01/2026,ed89a15d-5ce2-4008-87fe-c7c2803d6c38,GE 110,Window,20000,12,10,200000,2
31/01/2026,947272da-97c7-4d73-ac89-7dcc3727aa33,GE 162,Window,18000,12,8,144000,4
31/01/2026,e34b546d-7b56-4f83-b8f7-3f27a4a89a3b,GE 108,Window,22500,19,2,45000,17
31/01/2026,c25f34c8-8678-4433-a4e1-58c99730f9ec,PD Door,Casement,13500,18,1,13500,17
31/01/2026,7f49f977-2bc6-4685-9de8-951c1a0302a5,GE 40,Casement,27500,10,6,165000,4
31/01/2026,508d4434-222f-4b32-9f5a-1476a1328abf,Top Hung,Sliding,29000,15,4,116000,11
31/01/2026,37835726-5665-42f5-8650-e32c11248a80,GE 157,Sliding,25950,13,5,129750,8
31/01/2026,8b7c8a04-4078-4c97-a4fc-0a02237b5f6a,Glass Railings,Railings,27500,17,9,247500,8
31/01/2026,a5c371f6-48a9-4ff2-bacb-ce938d78bae6,Canopy,Canopy,35500,16,4,142000,12
31/01/2026,ecafecf1-549a-464d-8d0b-f7e9f9b06758,Mullion 120,Curtain Wall,45000,8,8,360000,0
31/01/2026,12516a01-4422-47b7-baa8-cd8114dd57cd,GE 75,Door,28000,13,7,196000,6
31/01/2026,c96ec18d-fbf9-48a1-83e5-05a68a227a7f,GE 155,Door,22000,13,0,0,13
31/01/2026,c5eda2cf-da7c-4097-905b-5e80ff178364,Shower Enclosure,Shower,16000,11,3,48000,8
31/01/2026,ef6562b3-fc34-4cd4-a306-1d4378d7f9f4,GE 155,Casement,22000,9,1,22000,8
31/01/2026,c436211f-2f1e-490d-910a-376005de373e,GE 220,Casement,18000,16,10,180000,6
31/01/2026,06ccee25-8910-4179-8598-0c5c86e8dddb,GE 88,Windows,22000,13,5,110000,8
31/01/2026,6b5d7df9-72a7-4e2a-ae12-4c7b63b0ce09,GE 167,Windows,25500,13,6,153000,7
31/01/2026,735034b4-daa2-4f3b-9b0c-2271f229bf34,GE 196,Windows,21500,14,1,21500,13
31/01/2026,6b1e998e-61c8-4852-bc43-fa12ee937bed,GE 173,Windows,12500,13,5,62500,8
31/01/2026,5558231e-211d-438e-be31-b84465237df9,GE 200,Windows,25500,12,1,25500,11
31/01/2026,d81c2f9c-1458-4d24-9f9b-369e4ac32b66,GE 201,Windows,15500,16,4,62000,12
31/01/2026,c07787b4-eca4-4122-b8f8-9853c61d4345,GE 250,Windows,29500,17,8,236000,9
31/01/2026,216a269f-65f9-4c21-8b5a-aead377717f3,GE 299,Windows,24500,18,6,147000,12
31/01/2026,2ec8374c-2898-4d99-ba50-479f446fd759,GE 166,Windows,15500,14,8,124000,6
31/01/2026,8fe30126-021d-4823-a675-9e1f929f2926,GE 232,Windows,10500,14,2,21000,12
31/01/2026,f3612a9a-f658-4eaf-bb03-13b68dea493e,GE 242,Canopy,29900,18,2,59800,16
31/01/2026,8c222d94-46c7-4051-a465-ee073f50fb57,GE 139,Canopy,30900,16,1,30900,15
31/01/2026,63864ea6-eb45-4a8c-be75-51e170f483b8,GE 240,Railings,25000,8,3,75000,5
31/01/2026,12516a01-4422-47b7-baa8-cd8114dd57cd,GE 245,Railings,29000,16,8,232000,8
31/01/2026,b5f2fc3d-3360-477d-829c-86ce2fc68a37,GE 246,Railings,29000,13,7,203000,6
31/01/2026,ef55b232-c0fa-4fa5-aae4-500f08643b10,GE 275,Curtain Wall,30500,12,2,61000,10
31/01/2026,c96ec18d-fbf9-48a1-83e5-05a68a227a7f,GE 195,Sliding,25000,9,2,50000,7
31/01/2026,f3612a9a-f658-4eaf-bb03-13b68dea493e,GE 243,Sliding,29000,12,6,174000,6
31/01/2026,de61d4ef-b3e7-49fa-824e-e2770097cd85,GE 192,Sliding,27500,11,1,27500,10
31/01/2026,fcdb2da0-0c77-44f3-8a05-d2a349b5a763,GE 75,Doors,28000,18,1,28000,17
31/01/2026,f22b8e3a-64a0-4f01-8977-721ecba85cce,GE 125,Doors,18000,16,4,72000,12
31/01/2026,86de73fe-1591-4fbe-9df5-33afede89921,GE 142,Doors,13500,18,9,121500,9
31/01/2026,94d632d2-74cd-456f-a632-cca1c5242f5e,GE 68,Doors,12000,17,7,84000,10
31/01/2026,07259106-c125-42f6-b701-0592a48bc669,GE 172,Doors,15000,17,5,75000,12
31/01/2026,04d35512-cec6-4e48-864e-4d5b6d08684d,GE 211,Doors,20000,11,4,80000,7
31/01/2026,7f66913b-cf98-4cd9-b556-8d87a7c81149,GE 89,Doors,15000,13,1,15000,12
31/01/2026,bab30b58-c96f-4634-9360-24b3d6cfed3a,GE 210,Doors,18000,8,2,36000,6
31/01/2026,50cc8925-653e-43d6-81c4-a48837225986,GE 90,Doors,18500,18,7,129500,11
31/01/2026,460012e9-0330-49a1-b02f-c89101310a7c,GE 255,Doors,20500,17,4,82000,13
31/01/2026,946c62b7-ced8-42ca-b8d7-fd8149781b85,GE 230,Doors,18500,14,1,18500,13
31/01/2026,3413b9e8-2970-4779-bb38-00b66378bf4c,GE 44,Doors,25900,14,4,103600,10
31/01/2026,9abc5851-c541-481b-b608-a8fd014cd5fe,GE 46,Doors,15500,19,1,15500,18
31/03/2022,60bad51b-32e6-4611-989a-892f63ea1721,GE 55,Doors,15000,10,3,45000,7
31/03/2022,01ffe34c-f81a-4674-8dcd-1582d59b0288,GE 53,Doors,18500,8,1,18500,7
31/03/2022,bfcd436f-18f8-4297-9931-36c1e5670d60,GE 120,Window,16000,12,6,96000,6
31/03/2022,ed89a15d-5ce2-4008-87fe-c7c2803d6c38,GE 110,Window,20000,16,6,120000,10
31/03/2022,947272da-97c7-4d73-ac89-7dcc3727aa33,GE 162,Window,18000,8,7,126000,1
31/03/2022,e34b546d-7b56-4f83-b8f7-3f27a4a89a3b,GE 108,Window,22500,10,4,90000,6
31/03/2022,c25f34c8-8678-4433-a4e1-58c99730f9ec,PD Door,Casement,13500,12,1,13500,11
31/03/2022,7f49f977-2bc6-4685-9de8-951c1a0302a5,GE 40,Casement,27500,9,1,27500,8
31/03/2022,508d4434-222f-4b32-9f5a-1476a1328abf,Top Hung,Sliding,29000,13,2,58000,11
31/03/2022,37835726-5665-42f5-8650-e32c11248a80,GE 157,Sliding,25950,15,2,51900,13
31/03/2022,8b7c8a04-4078-4c97-a4fc-0a02237b5f6a,Glass Railings,Railings,27500,13,1,27500,12
31/03/2022,a5c371f6-48a9-4ff2-bacb-ce938d78bae6,Canopy,Canopy,35500,17,2,71000,15
31/03/2022,ecafecf1-549a-464d-8d0b-f7e9f9b06758,Mullion 120,Curtain Wall,45000,15,0,0,15
31/03/2022,12516a01-4422-47b7-baa8-cd8114dd57cd,GE 75,Door,28000,13,5,140000,8
31/03/2022,c96ec18d-fbf9-48a1-83e5-05a68a227a7f,GE 155,Door,22000,17,2,44000,15
31/03/2022,c5eda2cf-da7c-4097-905b-5e80ff178364,Shower Enclosure,Shower,16000,15,4,64000,11
31/03/2022,ef6562b3-fc34-4cd4-a306-1d4378d7f9f4,GE 155,Casement,22000,14,1,22000,13
31/03/2022,c436211f-2f1e-490d-910a-376005de373e,GE 220,Casement,18000,11,0,0,11
31/03/2022,06ccee25-8910-4179-8598-0c5c86e8dddb,GE 88,Windows,22000,19,3,66000,16
31/03/2022,6b5d7df9-72a7-4e2a-ae12-4c7b63b0ce09,GE 167,Windows,25500,19,1,25500,18
31/03/2022,735034b4-daa2-4f3b-9b0c-2271f229bf34,GE 196,Windows,21500,14,6,129000,8
31/03/2022,6b1e998e-61c8-4852-bc43-fa12ee937bed,GE 173,Windows,12500,17,6,75000,11
31/03/2022,5558231e-211d-438e-be31-b84465237df9,GE 200,Windows,25500,17,1,25500,16
31/03/2022,d81c2f9c-1458-4d24-9f9b-369e4ac32b66,GE 201,Windows,15500,11,2,31000,9
31/03/2022,c07787b4-eca4-4122-b8f8-9853c61d4345,GE 250,Windows,29500,13,2,59000,11
31/03/2022,216a269f-65f9-4c21-8b5a-aead377717f3,GE 299,Windows,24500,8,5,122500,3
31/03/2022,2ec8374c-2898-4d99-ba50-479f446fd759,GE 166,Windows,15500,19,5,77500,14
31/03/2022,8fe30126-021d-4823-a675-9e1f929f2926,GE 232,Windows,10500,13,4,42000,9
31/03/2022,f3612a9a-f658-4eaf-bb03-13b68dea493e,GE 242,Canopy,29900,10,3,89700,7
31/03/2022,8c222d94-46c7-4051-a465-ee073f50fb57,GE 139,Canopy,30900,9,4,123600,5
31/03/2022,63864ea6-eb45-4a8c-be75-51e170f483b8,GE 240,Railings,25000,10,1,25000,9
31/03/2022,12516a01-4422-47b7-baa8-cd8114dd57cd,GE 245,Railings,29000,10,4,116000,6
31/03/2022,b5f2fc3d-3360-477d-829c-86ce2fc68a37,GE 246,Railings,29000,17,4,116000,13
31/03/2022,ef55b232-c0fa-4fa5-aae4-500f08643b10,GE 275,Curtain Wall,30500,14,1,30500,13
31/03/2022,c96ec18d-fbf9-48a1-83e5-05a68a227a7f,GE 195,Sliding,25000,8,2,50000,6
31/03/2022,f3612a9a-f658-4eaf-bb03-13b68dea493e,GE 243,Sliding,29000,9,5,145000,4
31/03/2022,de61d4ef-b3e7-49fa-824e-e2770097cd85,GE 192,Sliding,27500,16,5,137500,11
31/03/2022,fcdb2da0-0c77-44f3-8a05-d2a349b5a763,GE 75,Doors,28000,14,5,140000,9
31/03/2022,f22b8e3a-64a0-4f01-8977-721ecba85cce,GE 125,Doors,18000,14,2,36000,12
31/03/2022,86de73fe-1591-4fbe-9df5-33afede89921,GE 142,Doors,13500,10,4,54000,6
31/03/2022,94d632d2-74cd-456f-a632-cca1c5242f5e,GE 68,Doors,12000,19,4,48000,15
31/03/2022,07259106-c125-42f6-b701-0592a48bc669,GE 172,Doors,15000,11,5,75000,6
31/03/2022,04d35512-cec6-4e48-864e-4d5b6d08684d,GE 211,Doors,20000,17,2,40000,15
31/03/2022,7f66913b-cf98-4cd9-b556-8d87a7c81149,GE 89,Doors,15000,14,3,45000,11
31/03/2022,bab30b58-c96f-4634-9360-24b3d6cfed3a,GE 210,Doors,18000,12,2,36000,10
31/03/2022,50cc8925-653e-43d6-81c4-a48837225986,GE 90,Doors,18500,12,3,55500,9
31/03/2022,460012e9-0330-49a1-b02f-c89101310a7c,GE 255,Doors,20500,17,2,41000,15
31/03/2022,946c62b7-ced8-42ca-b8d7-fd8149781b85,GE 230,Doors,18500,8,5,92500,3
31/03/2022,3413b9e8-2970-4779-bb38-00b66378bf4c,GE 44,Doors,25900,15,1,25900,14
31/03/2022,9abc5851-c541-481b-b608-a8fd014cd5fe,GE 46,Doors,15500,18,4,62000,14
31/03/2023,60bad51b-32e6-4611-989a-892f63ea1721,GE 55,Doors,15000,16,2,30000,14
31/03/2023,01ffe34c-f81a-4674-8dcd-1582d59b0288,GE 53,Doors,18500,16,4,74000,12
31/03/2023,bfcd436f-18f8-4297-9931-36c1e5670d60,GE 120,Window,16000,19,4,64000,15
31/03/2023,ed89a15d-5ce2-4008-87fe-c7c2803d6c38,GE 110,Window,20000,14,5,100000,9
31/03/2023,947272da-97c7-4d73-ac89-7dcc3727aa33,GE 162,Window,18000,13,6,108000,7
31/03/2023,e34b546d-7b56-4f83-b8f7-3f27a4a89a3b,GE 108,Window,22500,15,4,90000,11
31/03/2023,c25f34c8-8678-4433-a4e1-58c99730f9ec,PD Door,Casement,13500,12,4,54000,8
31/03/2023,7f49f977-2bc6-4685-9de8-951c1a0302a5,GE 40,Casement,27500,9,1,27500,8
31/03/2023,508d4434-222f-4b32-9f5a-1476a1328abf,Top Hung,Sliding,29000,19,6,174000,13
31/03/2023,37835726-5665-42f5-8650-e32c11248a80,GE 157,Sliding,25950,11,1,25950,10
31/03/2023,8b7c8a04-4078-4c97-a4fc-0a02237b5f6a,Glass Railings,Railings,27500,9,1,27500,8
31/03/2023,a5c371f6-48a9-4ff2-bacb-ce938d78bae6,Canopy,Canopy,35500,18,1,35500,17
31/03/2023,ecafecf1-549a-464d-8d0b-f7e9f9b06758,Mullion 120,Curtain Wall,45000,18,3,135000,15
31/03/2023,12516a01-4422-47b7-baa8-cd8114dd57cd,GE 75,Door,28000,14,2,56000,12
31/03/2023,c96ec18d-fbf9-48a1-83e5-05a68a227a7f,GE 155,Door,22000,14,8,176000,6
31/03/2023,c5eda2cf-da7c-4097-905b-5e80ff178364,Shower Enclosure,Shower,16000,18,7,112000,11
31/03/2023,ef6562b3-fc34-4cd4-a306-1d4378d7f9f4,GE 155,Casement,22000,11,2,44000,9
31/03/2023,c436211f-2f1e-490d-910a-376005de373e,GE 220,Casement,18000,8,2,36000,6
31/03/2023,06ccee25-8910-4179-8598-0c5c86e8dddb,GE 88,Windows,22000,10,7,154000,3
31/03/2023,6b5d7df9-72a7-4e2a-ae12-4c7b63b0ce09,GE 167,Windows,25500,13,3,76500,10
31/03/2023,735034b4-daa2-4f3b-9b0c-2271f229bf34,GE 196,Windows,21500,11,6,129000,5
31/03/2023,6b1e998e-61c8-4852-bc43-fa12ee937bed,GE 173,Windows,12500,12,3,37500,9
31/03/2023,5558231e-211d-438e-be31-b84465237df9,GE 200,Windows,25500,9,3,76500,6
31/03/2023,d81c2f9c-1458-4d24-9f9b-369e4ac32b66,GE 201,Windows,15500,11,2,31000,9
31/03/2023,c07787b4-eca4-4122-b8f8-9853c61d4345,GE 250,Windows,29500,16,2,59000,14
31/03/2023,216a269f-65f9-4c21-8b5a-aead377717f3,GE 299,Windows,24500,13,1,24500,12
31/03/2023,2ec8374c-2898-4d99-ba50-479f446fd759,GE 166,Windows,15500,8,7,108500,1
31/03/2023,8fe30126-021d-4823-a675-9e1f929f2926,GE 232,Windows,10500,11,4,42000,7
31/03/2023,f3612a9a-f658-4eaf-bb03-13b68dea493e,GE 242,Canopy,29900,13,1,29900,12
31/03/2023,8c222d94-46c7-4051-a465-ee073f50fb57,GE 139,Canopy,30900,9,5,154500,4
31/03/2023,63864ea6-eb45-4a8c-be75-51e170f483b8,GE 240,Railings,25000,16,4,100000,12
31/03/2023,12516a01-4422-47b7-baa8-cd8114dd57cd,GE 245,Railings,29000,19,4,116000,15
31/03/2023,b5f2fc3d-3360-477d-829c-86ce2fc68a37,GE 246,Railings,29000,11,2,58000,9
31/03/2023,ef55b232-c0fa-4fa5-aae4-500f08643b10,GE 275,Curtain Wall,30500,13,5,152500,8
31/03/2023,c96ec18d-fbf9-48a1-83e5-05a68a227a7f,GE 195,Sliding,25000,9,4,100000,5
31/03/2023,f3612a9a-f658-4eaf-bb03-13b68dea493e,GE 243,Sliding,29000,10,6,174000,4
31/03/2023,de61d4ef-b3e7-49fa-824e-e2770097cd85,GE 192,Sliding,27500,17,1,27500,16
31/03/2023,fcdb2da0-0c77-44f3-8a05-d2a349b5a763,GE 75,Doors,28000,18,2,56000,16
31/03/2023,f22b8e3a-64a0-4f01-8977-721ecba85cce,GE 125,Doors,18000,15,1,18000,14
31/03/2023,86de73fe-1591-4fbe-9df5-33afede89921,GE 142,Doors,13500,16,3,40500,13
31/03/2023,94d632d2-74cd-456f-a632-cca1c5242f5e,GE 68,Doors,12000,19,6,72000,13
31/03/2023,07259106-c125-42f6-b701-0592a48bc669,GE 172,Doors,15000,14,4,60000,10
31/03/2023,04d35512-cec6-4e48-864e-4d5b6d08684d,GE 211,Doors,20000,11,1,20000,10
31/03/2023,7f66913b-cf98-4cd9-b556-8d87a7c81149,GE 89,Doors,15000,19,4,60000,15
31/03/2023,bab30b58-c96f-4634-9360-24b3d6cfed3a,GE 210,Doors,18000,11,5,90000,6
31/03/2023,50cc8925-653e-43d6-81c4-a48837225986,GE 90,Doors,18500,9,6,111000,3
31/03/2023,460012e9-0330-49a1-b02f-c89101310a7c,GE 255,Doors,20500,10,3,61500,7
31/03/2023,946c62b7-ced8-42ca-b8d7-fd8149781b85,GE 230,Doors,18500,14,5,92500,9
31/03/2023,3413b9e8-2970-4779-bb38-00b66378bf4c,GE 44,Doors,25900,12,6,155400,6
31/03/2023,9abc5851-c541-481b-b608-a8fd014cd5fe,GE 46,Doors,15500,18,5,77500,13
31/03/2024,60bad51b-32e6-4611-989a-892f63ea1721,GE 55,Doors,15000,19,7,105000,12
31/03/2024,01ffe34c-f81a-4674-8dcd-1582d59b0288,GE 53,Doors,18500,12,3,55500,9
31/03/2024,bfcd436f-18f8-4297-9931-36c1e5670d60,GE 120,Window,16000,13,1,16000,12
31/03/2024,ed89a15d-5ce2-4008-87fe-c7c2803d6c38,GE 110,Window,20000,19,8,160000,11
31/03/2024,947272da-97c7-4d73-ac89-7dcc3727aa33,GE 162,Window,18000,15,3,54000,12
31/03/2024,e34b546d-7b56-4f83-b8f7-3f27a4a89a3b,GE 108,Window,22500,9,1,22500,8
31/03/2024,c25f34c8-8678-4433-a4e1-58c99730f9ec,PD Door,Casement,13500,12,3,40500,9
31/03/2024,7f49f977-2bc6-4685-9de8-951c1a0302a5,GE 40,Casement,27500,14,6,165000,8
31/03/2024,508d4434-222f-4b32-9f5a-1476a1328abf,Top Hung,Sliding,29000,11,8,232000,3
31/03/2024,37835726-5665-42f5-8650-e32c11248a80,GE 157,Sliding,25950,14,8,207600,6
31/03/2024,8b7c8a04-4078-4c97-a4fc-0a02237b5f6a,Glass Railings,Railings,27500,13,5,137500,8
31/03/2024,a5c371f6-48a9-4ff2-bacb-ce938d78bae6,Canopy,Canopy,35500,15,2,71000,13
31/03/2024,ecafecf1-549a-464d-8d0b-f7e9f9b06758,Mullion 120,Curtain Wall,45000,16,1,45000,15
31/03/2024,12516a01-4422-47b7-baa8-cd8114dd57cd,GE 75,Door,28000,17,1,28000,16
31/03/2024,c96ec18d-fbf9-48a1-83e5-05a68a227a7f,GE 155,Door,22000,17,7,154000,10
31/03/2024,c5eda2cf-da7c-4097-905b-5e80ff178364,Shower Enclosure,Shower,16000,16,6,96000,10
31/03/2024,ef6562b3-fc34-4cd4-a306-1d4378d7f9f4,GE 155,Casement,22000,11,1,22000,10
31/03/2024,c436211f-2f1e-490d-910a-376005de373e,GE 220,Casement,18000,8,4,72000,4
31/03/2024,06ccee25-8910-4179-8598-0c5c86e8dddb,GE 88,Windows,22000,10,2,44000,8
31/03/2024,6b5d7df9-72a7-4e2a-ae12-4c7b63b0ce09,GE 167,Windows,25500,10,2,51000,8
31/03/2024,735034b4-daa2-4f3b-9b0c-2271f229bf34,GE 196,Windows,21500,17,9,193500,8
31/03/2024,6b1e998e-61c8-4852-bc43-fa12ee937bed,GE 173,Windows,12500,18,3,37500,15
31/03/2024,5558231e-211d-438e-be31-b84465237df9,GE 200,Windows,25500,13,4,102000,9
31/03/2024,d81c2f9c-1458-4d24-9f9b-369e4ac32b66,GE 201,Windows,15500,13,5,77500,8
31/03/2024,c07787b4-eca4-4122-b8f8-9853c61d4345,GE 250,Windows,29500,11,4,118000,7
31/03/2024,216a269f-65f9-4c21-8b5a-aead377717f3,GE 299,Windows,24500,12,2,49000,10
31/03/2024,2ec8374c-2898-4d99-ba50-479f446fd759,GE 166,Windows,15500,13,4,62000,9
31/03/2024,8fe30126-021d-4823-a675-9e1f929f2926,GE 232,Windows,10500,8,7,73500,1
31/03/2024,f3612a9a-f658-4eaf-bb03-13b68dea493e,GE 242,Canopy,29900,11,4,119600,7
31/03/2024,8c222d94-46c7-4051-a465-ee073f50fb57,GE 139,Canopy,30900,11,1,30900,10
31/03/2024,63864ea6-eb45-4a8c-be75-51e170f483b8,GE 240,Railings,25000,16,2,50000,14
31/03/2024,12516a01-4422-47b7-baa8-cd8114dd57cd,GE 245,Railings,29000,18,8,232000,10
31/03/2024,b5f2fc3d-3360-477d-829c-86ce2fc68a37,GE 246,Railings,29000,12,4,116000,8
31/03/2024,ef55b232-c0fa-4fa5-aae4-500f08643b10,GE 275,Curtain Wall,30500,11,2,61000,9
31/03/2024,c96ec18d-fbf9-48a1-83e5-05a68a227a7f,GE 195,Sliding,25000,19,1,25000,18
31/03/2024,f3612a9a-f658-4eaf-bb03-13b68dea493e,GE 243,Sliding,29000,11,1,29000,10
31/03/2024,de61d4ef-b3e7-49fa-824e-e2770097cd85,GE 192,Sliding,27500,10,1,27500,9
31/03/2024,fcdb2da0-0c77-44f3-8a05-d2a349b5a763,GE 75,Doors,28000,16,6,168000,10
31/03/2024,f22b8e3a-64a0-4f01-8977-721ecba85cce,GE 125,Doors,18000,13,7,126000,6
31/03/2024,86de73fe-1591-4fbe-9df5-33afede89921,GE 142,Doors,13500,9,3,40500,6
31/03/2024,94d632d2-74cd-456f-a632-cca1c5242f5e,GE 68,Doors,12000,10,5,60000,5
31/03/2024,07259106-c125-42f6-b701-0592a48bc669,GE 172,Doors,15000,16,5,75000,11
31/03/2024,04d35512-cec6-4e48-864e-4d5b6d08684d,GE 211,Doors,20000,11,6,120000,5
31/03/2024,7f66913b-cf98-4cd9-b556-8d87a7c81149,GE 89,Doors,15000,18,3,45000,15
31/03/2024,bab30b58-c96f-4634-9360-24b3d6cfed3a,GE 210,Doors,18000,19,1,18000,18
31/03/2024,50cc8925-653e-43d6-81c4-a48837225986,GE 90,Doors,18500,16,2,37000,14
31/03/2024,460012e9-0330-49a1-b02f-c89101310a7c,GE 255,Doors,20500,15,1,20500,14
31/03/2024,946c62b7-ced8-42ca-b8d7-fd8149781b85,GE 230,Doors,18500,11,1,18500,10
31/03/2024,3413b9e8-2970-4779-bb38-00b66378bf4c,GE 44,Doors,25900,12,3,77700,9
31/03/2024,9abc5851-c541-481b-b608-a8fd014cd5fe,GE 46,Doors,15500,15,3,46500,12
31/03/2025,60bad51b-32e6-4611-989a-892f63ea1721,GE 55,Doors,15000,19,6,90000,13
31/03/2025,01ffe34c-f81a-4674-8dcd-1582d59b0288,GE 53,Doors,18500,16,4,74000,12
31/03/2025,bfcd436f-18f8-4297-9931-36c1e5670d60,GE 120,Window,16000,14,7,112000,7
31/03/2025,ed89a15d-5ce2-4008-87fe-c7c2803d6c38,GE 110,Window,20000,13,6,120000,7
31/03/2025,947272da-97c7-4d73-ac89-7dcc3727aa33,GE 162,Window,18000,16,1,18000,15
31/03/2025,e34b546d-7b56-4f83-b8f7-3f27a4a89a3b,GE 108,Window,22500,14,7,157500,7
31/03/2025,c25f34c8-8678-4433-a4e1-58c99730f9ec,PD Door,Casement,13500,13,4,54000,9
31/03/2025,7f49f977-2bc6-4685-9de8-951c1a0302a5,GE 40,Casement,27500,14,5,137500,9
31/03/2025,508d4434-222f-4b32-9f5a-1476a1328abf,Top Hung,Sliding,29000,18,1,29000,17
31/03/2025,37835726-5665-42f5-8650-e32c11248a80,GE 157,Sliding,25950,18,6,155700,12
31/03/2025,8b7c8a04-4078-4c97-a4fc-0a02237b5f6a,Glass Railings,Railings,27500,8,7,192500,1
31/03/2025,a5c371f6-48a9-4ff2-bacb-ce938d78bae6,Canopy,Canopy,35500,9,4,142000,5
31/03/2025,ecafecf1-549a-464d-8d0b-f7e9f9b06758,Mullion 120,Curtain Wall,45000,13,7,315000,6
31/03/2025,12516a01-4422-47b7-baa8-cd8114dd57cd,GE 75,Door,28000,19,7,196000,12
31/03/2025,c96ec18d-fbf9-48a1-83e5-05a68a227a7f,GE 155,Door,22000,19,4,88000,15
31/03/2025,c5eda2cf-da7c-4097-905b-5e80ff178364,Shower Enclosure,Shower,16000,15,6,96000,9
31/03/2025,ef6562b3-fc34-4cd4-a306-1d4378d7f9f4,GE 155,Casement,22000,13,7,154000,6
31/03/2025,c436211f-2f1e-490d-910a-376005de373e,GE 220,Casement,18000,12,1,18000,11
31/03/2025,06ccee25-8910-4179-8598-0c5c86e8dddb,GE 88,Windows,22000,13,4,88000,9
31/03/2025,6b5d7df9-72a7-4e2a-ae12-4c7b63b0ce09,GE 167,Windows,25500,18,4,102000,14
31/03/2025,735034b4-daa2-4f3b-9b0c-2271f229bf34,GE 196,Windows,21500,18,2,43000,16
31/03/2025,6b1e998e-61c8-4852-bc43-fa12ee937bed,GE 173,Windows,12500,8,7,87500,1
31/03/2025,5558231e-211d-438e-be31-b84465237df9,GE 200,Windows,25500,14,4,102000,10
31/03/2025,d81c2f9c-1458-4d24-9f9b-369e4ac32b66,GE 201,Windows,15500,9,4,62000,5
31/03/2025,c07787b4-eca4-4122-b8f8-9853c61d4345,GE 250,Windows,29500,10,2,59000,8
31/03/2025,216a269f-65f9-4c21-8b5a-aead377717f3,GE 299,Windows,24500,11,4,98000,7
31/03/2025,2ec8374c-2898-4d99-ba50-479f446fd759,GE 166,Windows,15500,16,7,108500,9
31/03/2025,8fe30126-021d-4823-a675-9e1f929f2926,GE 232,Windows,10500,12,2,21000,10
31/03/2025,f3612a9a-f658-4eaf-bb03-13b68dea493e,GE 242,Canopy,29900,8,5,149500,3
31/03/2025,8c222d94-46c7-4051-a465-ee073f50fb57,GE 139,Canopy,30900,12,5,154500,7
31/03/2025,63864ea6-eb45-4a8c-be75-51e170f483b8,GE 240,Railings,25000,16,2,50000,14
31/03/2025,12516a01-4422-47b7-baa8-cd8114dd57cd,GE 245,Railings,29000,9,1,29000,8
31/03/2025,b5f2fc3d-3360-477d-829c-86ce2fc68a37,GE 246,Railings,29000,16,7,203000,9
31/03/2025,ef55b232-c0fa-4fa5-aae4-500f08643b10,GE 275,Curtain Wall,30500,18,7,213500,11
31/03/2025,c96ec18d-fbf9-48a1-83e5-05a68a227a7f,GE 195,Sliding,25000,10,7,175000,3
31/03/2025,f3612a9a-f658-4eaf-bb03-13b68dea493e,GE 243,Sliding,29000,15,4,116000,11
31/03/2025,de61d4ef-b3e7-49fa-824e-e2770097cd85,GE 192,Sliding,27500,8,5,137500,3
31/03/2025,fcdb2da0-0c77-44f3-8a05-d2a349b5a763,GE 75,Doors,28000,10,9,252000,1
31/03/2025,f22b8e3a-64a0-4f01-8977-721ecba85cce,GE 125,Doors,18000,16,7,126000,9
31/03/2025,86de73fe-1591-4fbe-9df5-33afede89921,GE 142,Doors,13500,18,3,40500,15
31/03/2025,94d632d2-74cd-456f-a632-cca1c5242f5e,GE 68,Doors,12000,9,7,84000,2
31/03/2025,07259106-c125-42f6-b701-0592a48bc669,GE 172,Doors,15000,10,1,15000,9
31/03/2025,04d35512-cec6-4e48-864e-4d5b6d08684d,GE 211,Doors,20000,10,1,20000,9
31/03/2025,7f66913b-cf98-4cd9-b556-8d87a7c81149,GE 89,Doors,15000,10,1,15000,9
31/03/2025,bab30b58-c96f-4634-9360-24b3d6cfed3a,GE 210,Doors,18000,19,2,36000,17
31/03/2025,50cc8925-653e-43d6-81c4-a48837225986,GE 90,Doors,18500,13,7,129500,6
31/03/2025,460012e9-0330-49a1-b02f-c89101310a7c,GE 255,Doors,20500,16,3,61500,13
31/03/2025,946c62b7-ced8-42ca-b8d7-fd8149781b85,GE 230,Doors,18500,17,2,37000,15
31/03/2025,3413b9e8-2970-4779-bb38-00b66378bf4c,GE 44,Doors,25900,11,2,51800,9
31/03/2025,9abc5851-c541-481b-b608-a8fd014cd5fe,GE 46,Doors,15500,11,7,108500,4
31/05/2022,60bad51b-32e6-4611-989a-892f63ea1721,GE 55,Doors,15000,12,7,105000,5
31/05/2022,01ffe34c-f81a-4674-8dcd-1582d59b0288,GE 53,Doors,18500,19,5,92500,14
31/05/2022,bfcd436f-18f8-4297-9931-36c1e5670d60,GE 120,Window,16000,10,3,48000,7
31/05/2022,ed89a15d-5ce2-4008-87fe-c7c2803d6c38,GE 110,Window,20000,16,1,20000,15
31/05/2022,947272da-97c7-4d73-ac89-7dcc3727aa33,GE 162,Window,18000,8,5,90000,3
31/05/2022,e34b546d-7b56-4f83-b8f7-3f27a4a89a3b,GE 108,Window,22500,10,1,22500,9
31/05/2022,c25f34c8-8678-4433-a4e1-58c99730f9ec,PD Door,Casement,13500,17,6,81000,11
31/05/2022,7f49f977-2bc6-4685-9de8-951c1a0302a5,GE 40,Casement,27500,19,5,137500,14
31/05/2022,508d4434-222f-4b32-9f5a-1476a1328abf,Top Hung,Sliding,29000,19,4,116000,15
31/05/2022,37835726-5665-42f5-8650-e32c11248a80,GE 157,Sliding,25950,17,4,103800,13
31/05/2022,8b7c8a04-4078-4c97-a4fc-0a02237b5f6a,Glass Railings,Railings,27500,19,6,165000,13
31/05/2022,a5c371f6-48a9-4ff2-bacb-ce938d78bae6,Canopy,Canopy,35500,18,5,177500,13
31/05/2022,ecafecf1-549a-464d-8d0b-f7e9f9b06758,Mullion 120,Curtain Wall,45000,16,1,45000,15
31/05/2022,12516a01-4422-47b7-baa8-cd8114dd57cd,GE 75,Door,28000,19,4,112000,15
31/05/2022,c96ec18d-fbf9-48a1-83e5-05a68a227a7f,GE 155,Door,22000,10,6,132000,4
31/05/2022,c5eda2cf-da7c-4097-905b-5e80ff178364,Shower Enclosure,Shower,16000,10,5,80000,5
31/05/2022,ef6562b3-fc34-4cd4-a306-1d4378d7f9f4,GE 155,Casement,22000,9,2,44000,7
31/05/2022,c436211f-2f1e-490d-910a-376005de373e,GE 220,Casement,18000,9,2,36000,7
31/05/2022,06ccee25-8910-4179-8598-0c5c86e8dddb,GE 88,Windows,22000,14,1,22000,13
31/05/2022,6b5d7df9-72a7-4e2a-ae12-4c7b63b0ce09,GE 167,Windows,25500,9,1,25500,8
31/05/2022,735034b4-daa2-4f3b-9b0c-2271f229bf34,GE 196,Windows,21500,17,1,21500,16
31/05/2022,6b1e998e-61c8-4852-bc43-fa12ee937bed,GE 173,Windows,12500,18,1,12500,17
31/05/2022,5558231e-211d-438e-be31-b84465237df9,GE 200,Windows,25500,9,1,25500,8
31/05/2022,d81c2f9c-1458-4d24-9f9b-369e4ac32b66,GE 201,Windows,15500,8,4,62000,4
31/05/2022,c07787b4-eca4-4122-b8f8-9853c61d4345,GE 250,Windows,29500,13,4,118000,9
31/05/2022,216a269f-65f9-4c21-8b5a-aead377717f3,GE 299,Windows,24500,12,7,171500,5
31/05/2022,2ec8374c-2898-4d99-ba50-479f446fd759,GE 166,Windows,15500,14,5,77500,9
31/05/2022,8fe30126-021d-4823-a675-9e1f929f2926,GE 232,Windows,10500,17,2,21000,15
31/05/2022,f3612a9a-f658-4eaf-bb03-13b68dea493e,GE 242,Canopy,29900,12,5,149500,7
31/05/2022,8c222d94-46c7-4051-a465-ee073f50fb57,GE 139,Canopy,30900,8,3,92700,5
31/05/2022,63864ea6-eb45-4a8c-be75-51e170f483b8,GE 240,Railings,25000,11,7,175000,4
31/05/2022,12516a01-4422-47b7-baa8-cd8114dd57cd,GE 245,Railings,29000,15,2,58000,13
31/05/2022,b5f2fc3d-3360-477d-829c-86ce2fc68a37,GE 246,Railings,29000,15,2,58000,13
31/05/2022,ef55b232-c0fa-4fa5-aae4-500f08643b10,GE 275,Curtain Wall,30500,13,7,213500,6
31/05/2022,c96ec18d-fbf9-48a1-83e5-05a68a227a7f,GE 195,Sliding,25000,9,4,100000,5
31/05/2022,f3612a9a-f658-4eaf-bb03-13b68dea493e,GE 243,Sliding,29000,19,4,116000,15
31/05/2022,de61d4ef-b3e7-49fa-824e-e2770097cd85,GE 192,Sliding,27500,18,1,27500,17
31/05/2022,fcdb2da0-0c77-44f3-8a05-d2a349b5a763,GE 75,Doors,28000,14,5,140000,9
31/05/2022,f22b8e3a-64a0-4f01-8977-721ecba85cce,GE 125,Doors,18000,9,3,54000,6
31/05/2022,86de73fe-1591-4fbe-9df5-33afede89921,GE 142,Doors,13500,13,4,54000,9
31/05/2022,94d632d2-74cd-456f-a632-cca1c5242f5e,GE 68,Doors,12000,9,2,24000,7
31/05/2022,07259106-c125-42f6-b701-0592a48bc669,GE 172,Doors,15000,18,3,45000,15
31/05/2022,04d35512-cec6-4e48-864e-4d5b6d08684d,GE 211,Doors,20000,11,1,20000,10
31/05/2022,7f66913b-cf98-4cd9-b556-8d87a7c81149,GE 89,Doors,15000,15,4,60000,11
31/05/2022,bab30b58-c96f-4634-9360-24b3d6cfed3a,GE 210,Doors,18000,17,3,54000,14
31/05/2022,50cc8925-653e-43d6-81c4-a48837225986,GE 90,Doors,18500,11,2,37000,9
31/05/2022,460012e9-0330-49a1-b02f-c89101310a7c,GE 255,Doors,20500,17,1,20500,16
31/05/2022,946c62b7-ced8-42ca-b8d7-fd8149781b85,GE 230,Doors,18500,15,6,111000,9
31/05/2022,3413b9e8-2970-4779-bb38-00b66378bf4c,GE 44,Doors,25900,12,2,51800,10
31/05/2022,9abc5851-c541-481b-b608-a8fd014cd5fe,GE 46,Doors,15500,18,3,46500,15
31/05/2023,60bad51b-32e6-4611-989a-892f63ea1721,GE 55,Doors,15000,19,6,90000,13
31/05/2023,01ffe34c-f81a-4674-8dcd-1582d59b0288,GE 53,Doors,18500,9,6,111000,3
31/05/2023,bfcd436f-18f8-4297-9931-36c1e5670d60,GE 120,Window,16000,11,4,64000,7
31/05/2023,ed89a15d-5ce2-4008-87fe-c7c2803d6c38,GE 110,Window,20000,10,5,100000,5
31/05/2023,947272da-97c7-4d73-ac89-7dcc3727aa33,GE 162,Window,18000,18,6,108000,12
31/05/2023,e34b546d-7b56-4f83-b8f7-3f27a4a89a3b,GE 108,Window,22500,15,3,67500,12
31/05/2023,c25f34c8-8678-4433-a4e1-58c99730f9ec,PD Door,Casement,13500,10,5,67500,5
31/05/2023,7f49f977-2bc6-4685-9de8-951c1a0302a5,GE 40,Casement,27500,19,1,27500,18
31/05/2023,508d4434-222f-4b32-9f5a-1476a1328abf,Top Hung,Sliding,29000,15,2,58000,13
31/05/2023,37835726-5665-42f5-8650-e32c11248a80,GE 157,Sliding,25950,15,1,25950,14
31/05/2023,8b7c8a04-4078-4c97-a4fc-0a02237b5f6a,Glass Railings,Railings,27500,10,1,27500,9
31/05/2023,a5c371f6-48a9-4ff2-bacb-ce938d78bae6,Canopy,Canopy,35500,10,2,71000,8
31/05/2023,ecafecf1-549a-464d-8d0b-f7e9f9b06758,Mullion 120,Curtain Wall,45000,16,2,90000,14
31/05/2023,12516a01-4422-47b7-baa8-cd8114dd57cd,GE 75,Door,28000,14,3,84000,11
31/05/2023,c96ec18d-fbf9-48a1-83e5-05a68a227a7f,GE 155,Door,22000,16,6,132000,10
31/05/2023,c5eda2cf-da7c-4097-905b-5e80ff178364,Shower Enclosure,Shower,16000,11,0,0,11
31/05/2023,ef6562b3-fc34-4cd4-a306-1d4378d7f9f4,GE 155,Casement,22000,17,8,176000,9
31/05/2023,c436211f-2f1e-490d-910a-376005de373e,GE 220,Casement,18000,16,2,36000,14
31/05/2023,06ccee25-8910-4179-8598-0c5c86e8dddb,GE 88,Windows,22000,11,3,66000,8
31/05/2023,6b5d7df9-72a7-4e2a-ae12-4c7b63b0ce09,GE 167,Windows,25500,14,8,204000,6
31/05/2023,735034b4-daa2-4f3b-9b0c-2271f229bf34,GE 196,Windows,21500,12,2,43000,10
31/05/2023,6b1e998e-61c8-4852-bc43-fa12ee937bed,GE 173,Windows,12500,11,5,62500,6
31/05/2023,5558231e-211d-438e-be31-b84465237df9,GE 200,Windows,25500,13,3,76500,10
31/05/2023,d81c2f9c-1458-4d24-9f9b-369e4ac32b66,GE 201,Windows,15500,13,5,77500,8
31/05/2023,c07787b4-eca4-4122-b8f8-9853c61d4345,GE 250,Windows,29500,14,5,147500,9
31/05/2023,216a269f-65f9-4c21-8b5a-aead377717f3,GE 299,Windows,24500,11,5,122500,6
31/05/2023,2ec8374c-2898-4d99-ba50-479f446fd759,GE 166,Windows,15500,11,1,15500,10
31/05/2023,8fe30126-021d-4823-a675-9e1f929f2926,GE 232,Windows,10500,11,6,63000,5
31/05/2023,f3612a9a-f658-4eaf-bb03-13b68dea493e,GE 242,Canopy,29900,15,6,179400,9
31/05/2023,8c222d94-46c7-4051-a465-ee073f50fb57,GE 139,Canopy,30900,14,4,123600,10
31/05/2023,63864ea6-eb45-4a8c-be75-51e170f483b8,GE 240,Railings,25000,15,2,50000,13
31/05/2023,12516a01-4422-47b7-baa8-cd8114dd57cd,GE 245,Railings,29000,10,5,145000,5
31/05/2023,b5f2fc3d-3360-477d-829c-86ce2fc68a37,GE 246,Railings,29000,8,6,174000,2
31/05/2023,ef55b232-c0fa-4fa5-aae4-500f08643b10,GE 275,Curtain Wall,30500,15,6,183000,9
31/05/2023,c96ec18d-fbf9-48a1-83e5-05a68a227a7f,GE 195,Sliding,25000,17,6,150000,11
31/05/2023,f3612a9a-f658-4eaf-bb03-13b68dea493e,GE 243,Sliding,29000,11,3,87000,8
31/05/2023,de61d4ef-b3e7-49fa-824e-e2770097cd85,GE 192,Sliding,27500,11,6,165000,5
31/05/2023,fcdb2da0-0c77-44f3-8a05-d2a349b5a763,GE 75,Doors,28000,14,1,28000,13
31/05/2023,f22b8e3a-64a0-4f01-8977-721ecba85cce,GE 125,Doors,18000,11,1,18000,10
31/05/2023,86de73fe-1591-4fbe-9df5-33afede89921,GE 142,Doors,13500,18,3,40500,15
31/05/2023,94d632d2-74cd-456f-a632-cca1c5242f5e,GE 68,Doors,12000,13,5,60000,8
31/05/2023,07259106-c125-42f6-b701-0592a48bc669,GE 172,Doors,15000,13,4,60000,9
31/05/2023,04d35512-cec6-4e48-864e-4d5b6d08684d,GE 211,Doors,20000,18,8,160000,10
31/05/2023,7f66913b-cf98-4cd9-b556-8d87a7c81149,GE 89,Doors,15000,19,3,45000,16
31/05/2023,bab30b58-c96f-4634-9360-24b3d6cfed3a,GE 210,Doors,18000,17,5,90000,12
31/05/2023,50cc8925-653e-43d6-81c4-a48837225986,GE 90,Doors,18500,17,2,37000,15
31/05/2023,460012e9-0330-49a1-b02f-c89101310a7c,GE 255,Doors,20500,18,1,20500,17
31/05/2023,946c62b7-ced8-42ca-b8d7-fd8149781b85,GE 230,Doors,18500,13,6,111000,7
31/05/2023,3413b9e8-2970-4779-bb38-00b66378bf4c,GE 44,Doors,25900,18,6,155400,12
31/05/2023,9abc5851-c541-481b-b608-a8fd014cd5fe,GE 46,Doors,15500,10,2,31000,8
31/05/2024,60bad51b-32e6-4611-989a-892f63ea1721,GE 55,Doors,15000,8,8,120000,0
31/05/2024,01ffe34c-f81a-4674-8dcd-1582d59b0288,GE 53,Doors,18500,10,2,37000,8
31/05/2024,bfcd436f-18f8-4297-9931-36c1e5670d60,GE 120,Window,16000,17,1,16000,16
31/05/2024,ed89a15d-5ce2-4008-87fe-c7c2803d6c38,GE 110,Window,20000,9,4,80000,5
31/05/2024,947272da-97c7-4d73-ac89-7dcc3727aa33,GE 162,Window,18000,8,2,36000,6
31/05/2024,e34b546d-7b56-4f83-b8f7-3f27a4a89a3b,GE 108,Window,22500,8,5,112500,3
31/05/2024,c25f34c8-8678-4433-a4e1-58c99730f9ec,PD Door,Casement,13500,14,2,27000,12
31/05/2024,7f49f977-2bc6-4685-9de8-951c1a0302a5,GE 40,Casement,27500,12,2,55000,10
31/05/2024,508d4434-222f-4b32-9f5a-1476a1328abf,Top Hung,Sliding,29000,14,2,58000,12
31/05/2024,37835726-5665-42f5-8650-e32c11248a80,GE 157,Sliding,25950,12,1,25950,11
31/05/2024,8b7c8a04-4078-4c97-a4fc-0a02237b5f6a,Glass Railings,Railings,27500,8,3,82500,5
31/05/2024,a5c371f6-48a9-4ff2-bacb-ce938d78bae6,Canopy,Canopy,35500,10,6,213000,4
31/05/2024,ecafecf1-549a-464d-8d0b-f7e9f9b06758,Mullion 120,Curtain Wall,45000,17,5,225000,12
31/05/2024,12516a01-4422-47b7-baa8-cd8114dd57cd,GE 75,Door,28000,13,5,140000,8
31/05/2024,c96ec18d-fbf9-48a1-83e5-05a68a227a7f,GE 155,Door,22000,15,1,22000,14
31/05/2024,c5eda2cf-da7c-4097-905b-5e80ff178364,Shower Enclosure,Shower,16000,13,1,16000,12
31/05/2024,ef6562b3-fc34-4cd4-a306-1d4378d7f9f4,GE 155,Casement,22000,10,8,176000,2
31/05/2024,c436211f-2f1e-490d-910a-376005de373e,GE 220,Casement,18000,10,4,72000,6
31/05/2024,06ccee25-8910-4179-8598-0c5c86e8dddb,GE 88,Windows,22000,10,3,66000,7
31/05/2024,6b5d7df9-72a7-4e2a-ae12-4c7b63b0ce09,GE 167,Windows,25500,16,2,51000,14
31/05/2024,735034b4-daa2-4f3b-9b0c-2271f229bf34,GE 196,Windows,21500,9,8,172000,1
31/05/2024,6b1e998e-61c8-4852-bc43-fa12ee937bed,GE 173,Windows,12500,16,5,62500,11
31/05/2024,5558231e-211d-438e-be31-b84465237df9,GE 200,Windows,25500,11,1,25500,10
31/05/2024,d81c2f9c-1458-4d24-9f9b-369e4ac32b66,GE 201,Windows,15500,9,2,31000,7
31/05/2024,c07787b4-eca4-4122-b8f8-9853c61d4345,GE 250,Windows,29500,13,6,177000,7
31/05/2024,216a269f-65f9-4c21-8b5a-aead377717f3,GE 299,Windows,24500,18,2,49000,16
31/05/2024,2ec8374c-2898-4d99-ba50-479f446fd759,GE 166,Windows,15500,10,3,46500,7
31/05/2024,8fe30126-021d-4823-a675-9e1f929f2926,GE 232,Windows,10500,15,4,42000,11
31/05/2024,f3612a9a-f658-4eaf-bb03-13b68dea493e,GE 242,Canopy,29900,11,3,89700,8
31/05/2024,8c222d94-46c7-4051-a465-ee073f50fb57,GE 139,Canopy,30900,18,2,61800,16
31/05/2024,63864ea6-eb45-4a8c-be75-51e170f483b8,GE 240,Railings,25000,18,7,175000,11
31/05/2024,12516a01-4422-47b7-baa8-cd8114dd57cd,GE 245,Railings,29000,8,1,29000,7
31/05/2024,b5f2fc3d-3360-477d-829c-86ce2fc68a37,GE 246,Railings,29000,19,2,58000,17
31/05/2024,ef55b232-c0fa-4fa5-aae4-500f08643b10,GE 275,Curtain Wall,30500,16,5,152500,11
31/05/2024,c96ec18d-fbf9-48a1-83e5-05a68a227a7f,GE 195,Sliding,25000,17,2,50000,15
31/05/2024,f3612a9a-f658-4eaf-bb03-13b68dea493e,GE 243,Sliding,29000,14,2,58000,12
31/05/2024,de61d4ef-b3e7-49fa-824e-e2770097cd85,GE 192,Sliding,27500,10,6,165000,4
31/05/2024,fcdb2da0-0c77-44f3-8a05-d2a349b5a763,GE 75,Doors,28000,19,6,168000,13
31/05/2024,f22b8e3a-64a0-4f01-8977-721ecba85cce,GE 125,Doors,18000,19,1,18000,18
31/05/2024,86de73fe-1591-4fbe-9df5-33afede89921,GE 142,Doors,13500,13,6,81000,7
31/05/2024,94d632d2-74cd-456f-a632-cca1c5242f5e,GE 68,Doors,12000,14,3,36000,11
31/05/2024,07259106-c125-42f6-b701-0592a48bc669,GE 172,Doors,15000,17,5,75000,12
31/05/2024,04d35512-cec6-4e48-864e-4d5b6d08684d,GE 211,Doors,20000,12,8,160000,4
31/05/2024,7f66913b-cf98-4cd9-b556-8d87a7c81149,GE 89,Doors,15000,19,2,30000,17
31/05/2024,bab30b58-c96f-4634-9360-24b3d6cfed3a,GE 210,Doors,18000,18,7,126000,11
31/05/2024,50cc8925-653e-43d6-81c4-a48837225986,GE 90,Doors,18500,15,3,55500,12
31/05/2024,460012e9-0330-49a1-b02f-c89101310a7c,GE 255,Doors,20500,18,2,41000,16
31/05/2024,946c62b7-ced8-42ca-b8d7-fd8149781b85,GE 230,Doors,18500,19,2,37000,17
31/05/2024,3413b9e8-2970-4779-bb38-00b66378bf4c,GE 44,Doors,25900,8,2,51800,6
31/05/2024,9abc5851-c541-481b-b608-a8fd014cd5fe,GE 46,Doors,15500,19,4,62000,15
31/05/2025,60bad51b-32e6-4611-989a-892f63ea1721,GE 55,Doors,15000,10,6,90000,4
31/05/2025,01ffe34c-f81a-4674-8dcd-1582d59b0288,GE 53,Doors,18500,10,5,92500,5
31/05/2025,bfcd436f-18f8-4297-9931-36c1e5670d60,GE 120,Window,16000,8,6,96000,2
31/05/2025,ed89a15d-5ce2-4008-87fe-c7c2803d6c38,GE 110,Window,20000,14,2,40000,12
31/05/2025,947272da-97c7-4d73-ac89-7dcc3727aa33,GE 162,Window,18000,9,8,144000,1
31/05/2025,e34b546d-7b56-4f83-b8f7-3f27a4a89a3b,GE 108,Window,22500,9,5,112500,4
31/05/2025,c25f34c8-8678-4433-a4e1-58c99730f9ec,PD Door,Casement,13500,10,9,121500,1
31/05/2025,7f49f977-2bc6-4685-9de8-951c1a0302a5,GE 40,Casement,27500,16,3,82500,13
31/05/2025,508d4434-222f-4b32-9f5a-1476a1328abf,Top Hung,Sliding,29000,11,1,29000,10
31/05/2025,37835726-5665-42f5-8650-e32c11248a80,GE 157,Sliding,25950,9,8,207600,1
31/05/2025,8b7c8a04-4078-4c97-a4fc-0a02237b5f6a,Glass Railings,Railings,27500,16,7,192500,9
31/05/2025,a5c371f6-48a9-4ff2-bacb-ce938d78bae6,Canopy,Canopy,35500,13,6,213000,7
31/05/2025,ecafecf1-549a-464d-8d0b-f7e9f9b06758,Mullion 120,Curtain Wall,45000,16,7,315000,9
31/05/2025,12516a01-4422-47b7-baa8-cd8114dd57cd,GE 75,Door,28000,18,8,224000,10
31/05/2025,c96ec18d-fbf9-48a1-83e5-05a68a227a7f,GE 155,Door,22000,12,9,198000,3
31/05/2025,c5eda2cf-da7c-4097-905b-5e80ff178364,Shower Enclosure,Shower,16000,11,7,112000,4
31/05/2025,ef6562b3-fc34-4cd4-a306-1d4378d7f9f4,GE 155,Casement,22000,13,4,88000,9
31/05/2025,c436211f-2f1e-490d-910a-376005de373e,GE 220,Casement,18000,9,3,54000,6
31/05/2025,06ccee25-8910-4179-8598-0c5c86e8dddb,GE 88,Windows,22000,18,1,22000,17
31/05/2025,6b5d7df9-72a7-4e2a-ae12-4c7b63b0ce09,GE 167,Windows,25500,14,3,76500,11
31/05/2025,735034b4-daa2-4f3b-9b0c-2271f229bf34,GE 196,Windows,21500,14,3,64500,11
31/05/2025,6b1e998e-61c8-4852-bc43-fa12ee937bed,GE 173,Windows,12500,8,1,12500,7
31/05/2025,5558231e-211d-438e-be31-b84465237df9,GE 200,Windows,25500,11,3,76500,8
31/05/2025,d81c2f9c-1458-4d24-9f9b-369e4ac32b66,GE 201,Windows,15500,15,1,15500,14
31/05/2025,c07787b4-eca4-4122-b8f8-9853c61d4345,GE 250,Windows,29500,16,2,59000,14
31/05/2025,216a269f-65f9-4c21-8b5a-aead377717f3,GE 299,Windows,24500,11,9,220500,2
31/05/2025,2ec8374c-2898-4d99-ba50-479f446fd759,GE 166,Windows,15500,13,2,31000,11
31/05/2025,8fe30126-021d-4823-a675-9e1f929f2926,GE 232,Windows,10500,13,3,31500,10
31/05/2025,f3612a9a-f658-4eaf-bb03-13b68dea493e,GE 242,Canopy,29900,9,1,29900,8
31/05/2025,8c222d94-46c7-4051-a465-ee073f50fb57,GE 139,Canopy,30900,8,5,154500,3
31/05/2025,63864ea6-eb45-4a8c-be75-51e170f483b8,GE 240,Railings,25000,9,4,100000,5
31/05/2025,12516a01-4422-47b7-baa8-cd8114dd57cd,GE 245,Railings,29000,8,5,145000,3
31/05/2025,b5f2fc3d-3360-477d-829c-86ce2fc68a37,GE 246,Railings,29000,14,6,174000,8
31/05/2025,ef55b232-c0fa-4fa5-aae4-500f08643b10,GE 275,Curtain Wall,30500,9,2,61000,7
31/05/2025,c96ec18d-fbf9-48a1-83e5-05a68a227a7f,GE 195,Sliding,25000,15,1,25000,14
31/05/2025,f3612a9a-f658-4eaf-bb03-13b68dea493e,GE 243,Sliding,29000,9,8,232000,1
31/05/2025,de61d4ef-b3e7-49fa-824e-e2770097cd85,GE 192,Sliding,27500,12,4,110000,8
31/05/2025,fcdb2da0-0c77-44f3-8a05-d2a349b5a763,GE 75,Doors,28000,17,1,28000,16
31/05/2025,f22b8e3a-64a0-4f01-8977-721ecba85cce,GE 125,Doors,18000,14,7,126000,7
31/05/2025,86de73fe-1591-4fbe-9df5-33afede89921,GE 142,Doors,13500,17,2,27000,15
31/05/2025,94d632d2-74cd-456f-a632-cca1c5242f5e,GE 68,Doors,12000,10,3,36000,7
31/05/2025,07259106-c125-42f6-b701-0592a48bc669,GE 172,Doors,15000,15,8,120000,7
31/05/2025,04d35512-cec6-4e48-864e-4d5b6d08684d,GE 211,Doors,20000,8,6,120000,2
31/05/2025,7f66913b-cf98-4cd9-b556-8d87a7c81149,GE 89,Doors,15000,11,2,30000,9
31/05/2025,bab30b58-c96f-4634-9360-24b3d6cfed3a,GE 210,Doors,18000,12,2,36000,10
31/05/2025,50cc8925-653e-43d6-81c4-a48837225986,GE 90,Doors,18500,18,6,111000,12
31/05/2025,460012e9-0330-49a1-b02f-c89101310a7c,GE 255,Doors,20500,15,3,61500,12
31/05/2025,946c62b7-ced8-42ca-b8d7-fd8149781b85,GE 230,Doors,18500,11,3,55500,8
31/05/2025,3413b9e8-2970-4779-bb38-00b66378bf4c,GE 44,Doors,25900,8,8,207200,0
31/05/2025,9abc5851-c541-481b-b608-a8fd014cd5fe,GE 46,Doors,15500,15,4,62000,11
31/07/2022,60bad51b-32e6-4611-989a-892f63ea1721,GE 55,Doors,15000,17,4,60000,13
31/07/2022,01ffe34c-f81a-4674-8dcd-1582d59b0288,GE 53,Doors,18500,19,2,37000,17
31/07/2022,bfcd436f-18f8-4297-9931-36c1e5670d60,GE 120,Window,16000,9,4,64000,5
31/07/2022,ed89a15d-5ce2-4008-87fe-c7c2803d6c38,GE 110,Window,20000,12,1,20000,11
31/07/2022,947272da-97c7-4d73-ac89-7dcc3727aa33,GE 162,Window,18000,18,6,108000,12
31/07/2022,e34b546d-7b56-4f83-b8f7-3f27a4a89a3b,GE 108,Window,22500,8,6,135000,2
31/07/2022,c25f34c8-8678-4433-a4e1-58c99730f9ec,PD Door,Casement,13500,19,1,13500,18
31/07/2022,7f49f977-2bc6-4685-9de8-951c1a0302a5,GE 40,Casement,27500,15,3,82500,12
31/07/2022,508d4434-222f-4b32-9f5a-1476a1328abf,Top Hung,Sliding,29000,19,2,58000,17
31/07/2022,37835726-5665-42f5-8650-e32c11248a80,GE 157,Sliding,25950,15,5,129750,10
31/07/2022,8b7c8a04-4078-4c97-a4fc-0a02237b5f6a,Glass Railings,Railings,27500,15,3,82500,12
31/07/2022,a5c371f6-48a9-4ff2-bacb-ce938d78bae6,Canopy,Canopy,35500,19,7,248500,12
31/07/2022,ecafecf1-549a-464d-8d0b-f7e9f9b06758,Mullion 120,Curtain Wall,45000,12,5,225000,7
31/07/2022,12516a01-4422-47b7-baa8-cd8114dd57cd,GE 75,Door,28000,17,6,168000,11
31/07/2022,c96ec18d-fbf9-48a1-83e5-05a68a227a7f,GE 155,Door,22000,17,1,22000,16
31/07/2022,c5eda2cf-da7c-4097-905b-5e80ff178364,Shower Enclosure,Shower,16000,15,7,112000,8
31/07/2022,ef6562b3-fc34-4cd4-a306-1d4378d7f9f4,GE 155,Casement,22000,13,1,22000,12
31/07/2022,c436211f-2f1e-490d-910a-376005de373e,GE 220,Casement,18000,8,1,18000,7
31/07/2022,06ccee25-8910-4179-8598-0c5c86e8dddb,GE 88,Windows,22000,14,2,44000,12
31/07/2022,6b5d7df9-72a7-4e2a-ae12-4c7b63b0ce09,GE 167,Windows,25500,15,3,76500,12
31/07/2022,735034b4-daa2-4f3b-9b0c-2271f229bf34,GE 196,Windows,21500,13,6,129000,7
31/07/2022,6b1e998e-61c8-4852-bc43-fa12ee937bed,GE 173,Windows,12500,10,1,12500,9
31/07/2022,5558231e-211d-438e-be31-b84465237df9,GE 200,Windows,25500,8,4,102000,4
31/07/2022,d81c2f9c-1458-4d24-9f9b-369e4ac32b66,GE 201,Windows,15500,18,5,77500,13
31/07/2022,c07787b4-eca4-4122-b8f8-9853c61d4345,GE 250,Windows,29500,16,1,29500,15
31/07/2022,216a269f-65f9-4c21-8b5a-aead377717f3,GE 299,Windows,24500,18,0,0,18
31/07/2022,2ec8374c-2898-4d99-ba50-479f446fd759,GE 166,Windows,15500,13,2,31000,11
31/07/2022,8fe30126-021d-4823-a675-9e1f929f2926,GE 232,Windows,10500,18,2,21000,16
31/07/2022,f3612a9a-f658-4eaf-bb03-13b68dea493e,GE 242,Canopy,29900,13,4,119600,9
31/07/2022,8c222d94-46c7-4051-a465-ee073f50fb57,GE 139,Canopy,30900,11,4,123600,7
31/07/2022,63864ea6-eb45-4a8c-be75-51e170f483b8,GE 240,Railings,25000,15,5,125000,10
31/07/2022,12516a01-4422-47b7-baa8-cd8114dd57cd,GE 245,Railings,29000,11,4,116000,7
31/07/2022,b5f2fc3d-3360-477d-829c-86ce2fc68a37,GE 246,Railings,29000,18,3,87000,15
31/07/2022,ef55b232-c0fa-4fa5-aae4-500f08643b10,GE 275,Curtain Wall,30500,11,2,61000,9
31/07/2022,c96ec18d-fbf9-48a1-83e5-05a68a227a7f,GE 195,Sliding,25000,12,4,100000,8
31/07/2022,f3612a9a-f658-4eaf-bb03-13b68dea493e,GE 243,Sliding,29000,17,6,174000,11
31/07/2022,de61d4ef-b3e7-49fa-824e-e2770097cd85,GE 192,Sliding,27500,14,2,55000,12
31/07/2022,fcdb2da0-0c77-44f3-8a05-d2a349b5a763,GE 75,Doors,28000,19,2,56000,17
31/07/2022,f22b8e3a-64a0-4f01-8977-721ecba85cce,GE 125,Doors,18000,9,1,18000,8
31/07/2022,86de73fe-1591-4fbe-9df5-33afede89921,GE 142,Doors,13500,15,4,54000,11
31/07/2022,94d632d2-74cd-456f-a632-cca1c5242f5e,GE 68,Doors,12000,19,4,48000,15
31/07/2022,07259106-c125-42f6-b701-0592a48bc669,GE 172,Doors,15000,12,5,75000,7
31/07/2022,04d35512-cec6-4e48-864e-4d5b6d08684d,GE 211,Doors,20000,17,1,20000,16
31/07/2022,7f66913b-cf98-4cd9-b556-8d87a7c81149,GE 89,Doors,15000,17,1,15000,16
31/07/2022,bab30b58-c96f-4634-9360-24b3d6cfed3a,GE 210,Doors,18000,15,1,18000,14
31/07/2022,50cc8925-653e-43d6-81c4-a48837225986,GE 90,Doors,18500,14,0,0,14
31/07/2022,460012e9-0330-49a1-b02f-c89101310a7c,GE 255,Doors,20500,12,2,41000,10
31/07/2022,946c62b7-ced8-42ca-b8d7-fd8149781b85,GE 230,Doors,18500,13,1,18500,12
31/07/2022,3413b9e8-2970-4779-bb38-00b66378bf4c,GE 44,Doors,25900,13,3,77700,10
31/07/2022,9abc5851-c541-481b-b608-a8fd014cd5fe,GE 46,Doors,15500,12,1,15500,11
31/07/2023,60bad51b-32e6-4611-989a-892f63ea1721,GE 55,Doors,15000,11,6,90000,5
31/07/2023,01ffe34c-f81a-4674-8dcd-1582d59b0288,GE 53,Doors,18500,14,1,18500,13
31/07/2023,bfcd436f-18f8-4297-9931-36c1e5670d60,GE 120,Window,16000,15,2,32000,13
31/07/2023,ed89a15d-5ce2-4008-87fe-c7c2803d6c38,GE 110,Window,20000,11,8,160000,3
31/07/2023,947272da-97c7-4d73-ac89-7dcc3727aa33,GE 162,Window,18000,14,3,54000,11
31/07/2023,e34b546d-7b56-4f83-b8f7-3f27a4a89a3b,GE 108,Window,22500,18,2,45000,16
31/07/2023,c25f34c8-8678-4433-a4e1-58c99730f9ec,PD Door,Casement,13500,13,1,13500,12
31/07/2023,7f49f977-2bc6-4685-9de8-951c1a0302a5,GE 40,Casement,27500,14,6,165000,8
31/07/2023,508d4434-222f-4b32-9f5a-1476a1328abf,Top Hung,Sliding,29000,18,6,174000,12
31/07/2023,37835726-5665-42f5-8650-e32c11248a80,GE 157,Sliding,25950,13,6,155700,7
31/07/2023,8b7c8a04-4078-4c97-a4fc-0a02237b5f6a,Glass Railings,Railings,27500,16,5,137500,11
31/07/2023,a5c371f6-48a9-4ff2-bacb-ce938d78bae6,Canopy,Canopy,35500,14,1,35500,13
31/07/2023,ecafecf1-549a-464d-8d0b-f7e9f9b06758,Mullion 120,Curtain Wall,45000,14,6,270000,8
31/07/2023,12516a01-4422-47b7-baa8-cd8114dd57cd,GE 75,Door,28000,9,5,140000,4
31/07/2023,c96ec18d-fbf9-48a1-83e5-05a68a227a7f,GE 155,Door,22000,17,3,66000,14
31/07/2023,c5eda2cf-da7c-4097-905b-5e80ff178364,Shower Enclosure,Shower,16000,18,6,96000,12
31/07/2023,ef6562b3-fc34-4cd4-a306-1d4378d7f9f4,GE 155,Casement,22000,8,5,110000,3
31/07/2023,c436211f-2f1e-490d-910a-376005de373e,GE 220,Casement,18000,9,2,36000,7
31/07/2023,06ccee25-8910-4179-8598-0c5c86e8dddb,GE 88,Windows,22000,12,3,66000,9
31/07/2023,6b5d7df9-72a7-4e2a-ae12-4c7b63b0ce09,GE 167,Windows,25500,16,5,127500,11
31/07/2023,735034b4-daa2-4f3b-9b0c-2271f229bf34,GE 196,Windows,21500,13,3,64500,10
31/07/2023,6b1e998e-61c8-4852-bc43-fa12ee937bed,GE 173,Windows,12500,16,4,50000,12
31/07/2023,5558231e-211d-438e-be31-b84465237df9,GE 200,Windows,25500,19,4,102000,15
31/07/2023,d81c2f9c-1458-4d24-9f9b-369e4ac32b66,GE 201,Windows,15500,15,2,31000,13
31/07/2023,c07787b4-eca4-4122-b8f8-9853c61d4345,GE 250,Windows,29500,19,4,118000,15
31/07/2023,216a269f-65f9-4c21-8b5a-aead377717f3,GE 299,Windows,24500,12,5,122500,7
31/07/2023,2ec8374c-2898-4d99-ba50-479f446fd759,GE 166,Windows,15500,8,6,93000,2
31/07/2023,8fe30126-021d-4823-a675-9e1f929f2926,GE 232,Windows,10500,9,1,10500,8
31/07/2023,f3612a9a-f658-4eaf-bb03-13b68dea493e,GE 242,Canopy,29900,9,2,59800,7
31/07/2023,8c222d94-46c7-4051-a465-ee073f50fb57,GE 139,Canopy,30900,14,7,216300,7
31/07/2023,63864ea6-eb45-4a8c-be75-51e170f483b8,GE 240,Railings,25000,19,4,100000,15
31/07/2023,12516a01-4422-47b7-baa8-cd8114dd57cd,GE 245,Railings,29000,18,3,87000,15
31/07/2023,b5f2fc3d-3360-477d-829c-86ce2fc68a37,GE 246,Railings,29000,9,2,58000,7
31/07/2023,ef55b232-c0fa-4fa5-aae4-500f08643b10,GE 275,Curtain Wall,30500,15,5,152500,10
31/07/2023,c96ec18d-fbf9-48a1-83e5-05a68a227a7f,GE 195,Sliding,25000,13,1,25000,12
31/07/2023,f3612a9a-f658-4eaf-bb03-13b68dea493e,GE 243,Sliding,29000,8,3,87000,5
31/07/2023,de61d4ef-b3e7-49fa-824e-e2770097cd85,GE 192,Sliding,27500,16,7,192500,9
31/07/2023,fcdb2da0-0c77-44f3-8a05-d2a349b5a763,GE 75,Doors,28000,12,3,84000,9
31/07/2023,f22b8e3a-64a0-4f01-8977-721ecba85cce,GE 125,Doors,18000,12,7,126000,5
31/07/2023,86de73fe-1591-4fbe-9df5-33afede89921,GE 142,Doors,13500,11,4,54000,7
31/07/2023,94d632d2-74cd-456f-a632-cca1c5242f5e,GE 68,Doors,12000,16,3,36000,13
31/07/2023,07259106-c125-42f6-b701-0592a48bc669,GE 172,Doors,15000,9,4,60000,5
31/07/2023,04d35512-cec6-4e48-864e-4d5b6d08684d,GE 211,Doors,20000,18,3,60000,15
31/07/2023,7f66913b-cf98-4cd9-b556-8d87a7c81149,GE 89,Doors,15000,18,2,30000,16
31/07/2023,bab30b58-c96f-4634-9360-24b3d6cfed3a,GE 210,Doors,18000,13,8,144000,5
31/07/2023,50cc8925-653e-43d6-81c4-a48837225986,GE 90,Doors,18500,15,7,129500,8
31/07/2023,460012e9-0330-49a1-b02f-c89101310a7c,GE 255,Doors,20500,18,4,82000,14
31/07/2023,946c62b7-ced8-42ca-b8d7-fd8149781b85,GE 230,Doors,18500,15,8,148000,7
31/07/2023,3413b9e8-2970-4779-bb38-00b66378bf4c,GE 44,Doors,25900,14,8,207200,6
31/07/2023,9abc5851-c541-481b-b608-a8fd014cd5fe,GE 46,Doors,15500,10,0,0,10
31/07/2024,60bad51b-32e6-4611-989a-892f63ea1721,GE 55,Doors,15000,17,9,135000,8
31/07/2024,01ffe34c-f81a-4674-8dcd-1582d59b0288,GE 53,Doors,18500,9,7,129500,2
31/07/2024,bfcd436f-18f8-4297-9931-36c1e5670d60,GE 120,Window,16000,9,4,64000,5
31/07/2024,ed89a15d-5ce2-4008-87fe-c7c2803d6c38,GE 110,Window,20000,18,5,100000,13
31/07/2024,947272da-97c7-4d73-ac89-7dcc3727aa33,GE 162,Window,18000,13,4,72000,9
31/07/2024,e34b546d-7b56-4f83-b8f7-3f27a4a89a3b,GE 108,Window,22500,15,2,45000,13
31/07/2024,c25f34c8-8678-4433-a4e1-58c99730f9ec,PD Door,Casement,13500,11,5,67500,6
31/07/2024,7f49f977-2bc6-4685-9de8-951c1a0302a5,GE 40,Casement,27500,18,7,192500,11
31/07/2024,508d4434-222f-4b32-9f5a-1476a1328abf,Top Hung,Sliding,29000,15,4,116000,11
31/07/2024,37835726-5665-42f5-8650-e32c11248a80,GE 157,Sliding,25950,15,1,25950,14
31/07/2024,8b7c8a04-4078-4c97-a4fc-0a02237b5f6a,Glass Railings,Railings,27500,11,7,192500,4
31/07/2024,a5c371f6-48a9-4ff2-bacb-ce938d78bae6,Canopy,Canopy,35500,14,1,35500,13
31/07/2024,ecafecf1-549a-464d-8d0b-f7e9f9b06758,Mullion 120,Curtain Wall,45000,12,7,315000,5
31/07/2024,12516a01-4422-47b7-baa8-cd8114dd57cd,GE 75,Door,28000,19,7,196000,12
31/07/2024,c96ec18d-fbf9-48a1-83e5-05a68a227a7f,GE 155,Door,22000,8,1,22000,7
31/07/2024,c5eda2cf-da7c-4097-905b-5e80ff178364,Shower Enclosure,Shower,16000,10,7,112000,3
31/07/2024,ef6562b3-fc34-4cd4-a306-1d4378d7f9f4,GE 155,Casement,22000,9,4,88000,5
31/07/2024,c436211f-2f1e-490d-910a-376005de373e,GE 220,Casement,18000,18,4,72000,14
31/07/2024,06ccee25-8910-4179-8598-0c5c86e8dddb,GE 88,Windows,22000,15,2,44000,13
31/07/2024,6b5d7df9-72a7-4e2a-ae12-4c7b63b0ce09,GE 167,Windows,25500,12,6,153000,6
31/07/2024,735034b4-daa2-4f3b-9b0c-2271f229bf34,GE 196,Windows,21500,16,5,107500,11
31/07/2024,6b1e998e-61c8-4852-bc43-fa12ee937bed,GE 173,Windows,12500,15,3,37500,12
31/07/2024,5558231e-211d-438e-be31-b84465237df9,GE 200,Windows,25500,15,6,153000,9
31/07/2024,d81c2f9c-1458-4d24-9f9b-369e4ac32b66,GE 201,Windows,15500,19,2,31000,17
31/07/2024,c07787b4-eca4-4122-b8f8-9853c61d4345,GE 250,Windows,29500,8,5,147500,3
31/07/2024,216a269f-65f9-4c21-8b5a-aead377717f3,GE 299,Windows,24500,11,6,147000,5
31/07/2024,2ec8374c-2898-4d99-ba50-479f446fd759,GE 166,Windows,15500,11,2,31000,9
31/07/2024,8fe30126-021d-4823-a675-9e1f929f2926,GE 232,Windows,10500,15,8,84000,7
31/07/2024,f3612a9a-f658-4eaf-bb03-13b68dea493e,GE 242,Canopy,29900,14,4,119600,10
31/07/2024,8c222d94-46c7-4051-a465-ee073f50fb57,GE 139,Canopy,30900,12,8,247200,4
31/07/2024,63864ea6-eb45-4a8c-be75-51e170f483b8,GE 240,Railings,25000,15,3,75000,12
31/07/2024,12516a01-4422-47b7-baa8-cd8114dd57cd,GE 245,Railings,29000,19,9,261000,10
31/07/2024,b5f2fc3d-3360-477d-829c-86ce2fc68a37,GE 246,Railings,29000,8,2,58000,6
31/07/2024,ef55b232-c0fa-4fa5-aae4-500f08643b10,GE 275,Curtain Wall,30500,17,6,183000,11
31/07/2024,c96ec18d-fbf9-48a1-83e5-05a68a227a7f,GE 195,Sliding,25000,16,8,200000,8
31/07/2024,f3612a9a-f658-4eaf-bb03-13b68dea493e,GE 243,Sliding,29000,9,4,116000,5
31/07/2024,de61d4ef-b3e7-49fa-824e-e2770097cd85,GE 192,Sliding,27500,8,2,55000,6
31/07/2024,fcdb2da0-0c77-44f3-8a05-d2a349b5a763,GE 75,Doors,28000,14,7,196000,7
31/07/2024,f22b8e3a-64a0-4f01-8977-721ecba85cce,GE 125,Doors,18000,16,4,72000,12
31/07/2024,86de73fe-1591-4fbe-9df5-33afede89921,GE 142,Doors,13500,12,2,27000,10
31/07/2024,94d632d2-74cd-456f-a632-cca1c5242f5e,GE 68,Doors,12000,16,5,60000,11
31/07/2024,07259106-c125-42f6-b701-0592a48bc669,GE 172,Doors,15000,10,5,75000,5
31/07/2024,04d35512-cec6-4e48-864e-4d5b6d08684d,GE 211,Doors,20000,10,2,40000,8
31/07/2024,7f66913b-cf98-4cd9-b556-8d87a7c81149,GE 89,Doors,15000,14,5,75000,9
31/07/2024,bab30b58-c96f-4634-9360-24b3d6cfed3a,GE 210,Doors,18000,15,7,126000,8
31/07/2024,50cc8925-653e-43d6-81c4-a48837225986,GE 90,Doors,18500,8,6,111000,2
31/07/2024,460012e9-0330-49a1-b02f-c89101310a7c,GE 255,Doors,20500,16,5,102500,11
31/07/2024,946c62b7-ced8-42ca-b8d7-fd8149781b85,GE 230,Doors,18500,13,6,111000,7
31/07/2024,3413b9e8-2970-4779-bb38-00b66378bf4c,GE 44,Doors,25900,15,1,25900,14
31/07/2024,9abc5851-c541-481b-b608-a8fd014cd5fe,GE 46,Doors,15500,18,7,108500,11
31/07/2025,60bad51b-32e6-4611-989a-892f63ea1721,GE 55,Doors,15000,8,8,120000,0
31/07/2025,01ffe34c-f81a-4674-8dcd-1582d59b0288,GE 53,Doors,18500,16,5,92500,11
31/07/2025,bfcd436f-18f8-4297-9931-36c1e5670d60,GE 120,Window,16000,16,6,96000,10
31/07/2025,ed89a15d-5ce2-4008-87fe-c7c2803d6c38,GE 110,Window,20000,12,3,60000,9
31/07/2025,947272da-97c7-4d73-ac89-7dcc3727aa33,GE 162,Window,18000,15,3,54000,12
31/07/2025,e34b546d-7b56-4f83-b8f7-3f27a4a89a3b,GE 108,Window,22500,12,3,67500,9
31/07/2025,c25f34c8-8678-4433-a4e1-58c99730f9ec,PD Door,Casement,13500,15,3,40500,12
31/07/2025,7f49f977-2bc6-4685-9de8-951c1a0302a5,GE 40,Casement,27500,9,2,55000,7
31/07/2025,508d4434-222f-4b32-9f5a-1476a1328abf,Top Hung,Sliding,29000,12,7,203000,5
31/07/2025,37835726-5665-42f5-8650-e32c11248a80,GE 157,Sliding,25950,16,9,233550,7
31/07/2025,8b7c8a04-4078-4c97-a4fc-0a02237b5f6a,Glass Railings,Railings,27500,11,2,55000,9
31/07/2025,a5c371f6-48a9-4ff2-bacb-ce938d78bae6,Canopy,Canopy,35500,15,3,106500,12
31/07/2025,ecafecf1-549a-464d-8d0b-f7e9f9b06758,Mullion 120,Curtain Wall,45000,18,5,225000,13
31/07/2025,12516a01-4422-47b7-baa8-cd8114dd57cd,GE 75,Door,28000,10,3,84000,7
31/07/2025,c96ec18d-fbf9-48a1-83e5-05a68a227a7f,GE 155,Door,22000,16,2,44000,14
31/07/2025,c5eda2cf-da7c-4097-905b-5e80ff178364,Shower Enclosure,Shower,16000,19,1,16000,18
31/07/2025,ef6562b3-fc34-4cd4-a306-1d4378d7f9f4,GE 155,Casement,22000,12,4,88000,8
31/07/2025,c436211f-2f1e-490d-910a-376005de373e,GE 220,Casement,18000,17,4,72000,13
31/07/2025,06ccee25-8910-4179-8598-0c5c86e8dddb,GE 88,Windows,22000,8,6,132000,2
31/07/2025,6b5d7df9-72a7-4e2a-ae12-4c7b63b0ce09,GE 167,Windows,25500,10,4,102000,6
31/07/2025,735034b4-daa2-4f3b-9b0c-2271f229bf34,GE 196,Windows,21500,17,5,107500,12
31/07/2025,6b1e998e-61c8-4852-bc43-fa12ee937bed,GE 173,Windows,12500,11,7,87500,4
31/07/2025,5558231e-211d-438e-be31-b84465237df9,GE 200,Windows,25500,11,7,178500,4
31/07/2025,d81c2f9c-1458-4d24-9f9b-369e4ac32b66,GE 201,Windows,15500,8,1,15500,7
31/07/2025,c07787b4-eca4-4122-b8f8-9853c61d4345,GE 250,Windows,29500,13,3,88500,10
31/07/2025,216a269f-65f9-4c21-8b5a-aead377717f3,GE 299,Windows,24500,14,6,147000,8
31/07/2025,2ec8374c-2898-4d99-ba50-479f446fd759,GE 166,Windows,15500,11,1,15500,10
31/07/2025,8fe30126-021d-4823-a675-9e1f929f2926,GE 232,Windows,10500,17,3,31500,14
31/07/2025,f3612a9a-f658-4eaf-bb03-13b68dea493e,GE 242,Canopy,29900,8,2,59800,6
31/07/2025,8c222d94-46c7-4051-a465-ee073f50fb57,GE 139,Canopy,30900,11,5,154500,6
31/07/2025,63864ea6-eb45-4a8c-be75-51e170f483b8,GE 240,Railings,25000,17,4,100000,13
31/07/2025,12516a01-4422-47b7-baa8-cd8114dd57cd,GE 245,Railings,29000,19,8,232000,11
31/07/2025,b5f2fc3d-3360-477d-829c-86ce2fc68a37,GE 246,Railings,29000,17,6,174000,11
31/07/2025,ef55b232-c0fa-4fa5-aae4-500f08643b10,GE 275,Curtain Wall,30500,15,8,244000,7
31/07/2025,c96ec18d-fbf9-48a1-83e5-05a68a227a7f,GE 195,Sliding,25000,17,6,150000,11
31/07/2025,f3612a9a-f658-4eaf-bb03-13b68dea493e,GE 243,Sliding,29000,11,2,58000,9
31/07/2025,de61d4ef-b3e7-49fa-824e-e2770097cd85,GE 192,Sliding,27500,14,7,192500,7
31/07/2025,fcdb2da0-0c77-44f3-8a05-d2a349b5a763,GE 75,Doors,28000,19,2,56000,17
31/07/2025,f22b8e3a-64a0-4f01-8977-721ecba85cce,GE 125,Doors,18000,18,9,162000,9
31/07/2025,86de73fe-1591-4fbe-9df5-33afede89921,GE 142,Doors,13500,19,3,40500,16
31/07/2025,94d632d2-74cd-456f-a632-cca1c5242f5e,GE 68,Doors,12000,10,3,36000,7
31/07/2025,07259106-c125-42f6-b701-0592a48bc669,GE 172,Doors,15000,13,8,120000,5
31/07/2025,04d35512-cec6-4e48-864e-4d5b6d08684d,GE 211,Doors,20000,13,2,40000,11
31/07/2025,7f66913b-cf98-4cd9-b556-8d87a7c81149,GE 89,Doors,15000,18,9,135000,9
31/07/2025,bab30b58-c96f-4634-9360-24b3d6cfed3a,GE 210,Doors,18000,10,4,72000,6
31/07/2025,50cc8925-653e-43d6-81c4-a48837225986,GE 90,Doors,18500,18,6,111000,12
31/07/2025,460012e9-0330-49a1-b02f-c89101310a7c,GE 255,Doors,20500,14,4,82000,10
31/07/2025,946c62b7-ced8-42ca-b8d7-fd8149781b85,GE 230,Doors,18500,10,3,55500,7
31/07/2025,3413b9e8-2970-4779-bb38-00b66378bf4c,GE 44,Doors,25900,12,6,155400,6
31/07/2025,9abc5851-c541-481b-b608-a8fd014cd5fe,GE 46,Doors,15500,10,7,108500,3
31/08/2022,60bad51b-32e6-4611-989a-892f63ea1721,GE 55,Doors,15000,17,4,60000,13
31/08/2022,01ffe34c-f81a-4674-8dcd-1582d59b0288,GE 53,Doors,18500,17,0,0,17
31/08/2022,bfcd436f-18f8-4297-9931-36c1e5670d60,GE 120,Window,16000,11,1,16000,10
31/08/2022,ed89a15d-5ce2-4008-87fe-c7c2803d6c38,GE 110,Window,20000,13,2,40000,11
31/08/2022,947272da-97c7-4d73-ac89-7dcc3727aa33,GE 162,Window,18000,18,2,36000,16
31/08/2022,e34b546d-7b56-4f83-b8f7-3f27a4a89a3b,GE 108,Window,22500,18,3,67500,15
31/08/2022,c25f34c8-8678-4433-a4e1-58c99730f9ec,PD Door,Casement,13500,10,6,81000,4
31/08/2022,7f49f977-2bc6-4685-9de8-951c1a0302a5,GE 40,Casement,27500,14,4,110000,10
31/08/2022,508d4434-222f-4b32-9f5a-1476a1328abf,Top Hung,Sliding,29000,15,1,29000,14
31/08/2022,37835726-5665-42f5-8650-e32c11248a80,GE 157,Sliding,25950,18,0,0,18
31/08/2022,8b7c8a04-4078-4c97-a4fc-0a02237b5f6a,Glass Railings,Railings,27500,9,5,137500,4
31/08/2022,a5c371f6-48a9-4ff2-bacb-ce938d78bae6,Canopy,Canopy,35500,8,4,142000,4
31/08/2022,ecafecf1-549a-464d-8d0b-f7e9f9b06758,Mullion 120,Curtain Wall,45000,11,7,315000,4
31/08/2022,12516a01-4422-47b7-baa8-cd8114dd57cd,GE 75,Door,28000,15,1,28000,14
31/08/2022,c96ec18d-fbf9-48a1-83e5-05a68a227a7f,GE 155,Door,22000,14,3,66000,11
31/08/2022,c5eda2cf-da7c-4097-905b-5e80ff178364,Shower Enclosure,Shower,16000,10,6,96000,4
31/08/2022,ef6562b3-fc34-4cd4-a306-1d4378d7f9f4,GE 155,Casement,22000,8,5,110000,3
31/08/2022,c436211f-2f1e-490d-910a-376005de373e,GE 220,Casement,18000,15,2,36000,13
31/08/2022,06ccee25-8910-4179-8598-0c5c86e8dddb,GE 88,Windows,22000,10,2,44000,8
31/08/2022,6b5d7df9-72a7-4e2a-ae12-4c7b63b0ce09,GE 167,Windows,25500,19,1,25500,18
31/08/2022,735034b4-daa2-4f3b-9b0c-2271f229bf34,GE 196,Windows,21500,13,3,64500,10
31/08/2022,6b1e998e-61c8-4852-bc43-fa12ee937bed,GE 173,Windows,12500,8,4,50000,4
31/08/2022,5558231e-211d-438e-be31-b84465237df9,GE 200,Windows,25500,10,2,51000,8
31/08/2022,d81c2f9c-1458-4d24-9f9b-369e4ac32b66,GE 201,Windows,15500,9,4,62000,5
31/08/2022,c07787b4-eca4-4122-b8f8-9853c61d4345,GE 250,Windows,29500,14,4,118000,10
31/08/2022,216a269f-65f9-4c21-8b5a-aead377717f3,GE 299,Windows,24500,14,5,122500,9
31/08/2022,2ec8374c-2898-4d99-ba50-479f446fd759,GE 166,Windows,15500,16,3,46500,13
31/08/2022,8fe30126-021d-4823-a675-9e1f929f2926,GE 232,Windows,10500,18,5,52500,13
31/08/2022,f3612a9a-f658-4eaf-bb03-13b68dea493e,GE 242,Canopy,29900,16,5,149500,11
31/08/2022,8c222d94-46c7-4051-a465-ee073f50fb57,GE 139,Canopy,30900,8,4,123600,4
31/08/2022,63864ea6-eb45-4a8c-be75-51e170f483b8,GE 240,Railings,25000,9,3,75000,6
31/08/2022,12516a01-4422-47b7-baa8-cd8114dd57cd,GE 245,Railings,29000,15,7,203000,8
31/08/2022,b5f2fc3d-3360-477d-829c-86ce2fc68a37,GE 246,Railings,29000,11,4,116000,7
31/08/2022,ef55b232-c0fa-4fa5-aae4-500f08643b10,GE 275,Curtain Wall,30500,12,6,183000,6
31/08/2022,c96ec18d-fbf9-48a1-83e5-05a68a227a7f,GE 195,Sliding,25000,9,1,25000,8
31/08/2022,f3612a9a-f658-4eaf-bb03-13b68dea493e,GE 243,Sliding,29000,14,4,116000,10
31/08/2022,de61d4ef-b3e7-49fa-824e-e2770097cd85,GE 192,Sliding,27500,10,4,110000,6
31/08/2022,fcdb2da0-0c77-44f3-8a05-d2a349b5a763,GE 75,Doors,28000,9,2,56000,7
31/08/2022,f22b8e3a-64a0-4f01-8977-721ecba85cce,GE 125,Doors,18000,12,4,72000,8
31/08/2022,86de73fe-1591-4fbe-9df5-33afede89921,GE 142,Doors,13500,9,3,40500,6
31/08/2022,94d632d2-74cd-456f-a632-cca1c5242f5e,GE 68,Doors,12000,19,4,48000,15
31/08/2022,07259106-c125-42f6-b701-0592a48bc669,GE 172,Doors,15000,13,6,90000,7
31/08/2022,04d35512-cec6-4e48-864e-4d5b6d08684d,GE 211,Doors,20000,12,4,80000,8
31/08/2022,7f66913b-cf98-4cd9-b556-8d87a7c81149,GE 89,Doors,15000,17,7,105000,10
31/08/2022,bab30b58-c96f-4634-9360-24b3d6cfed3a,GE 210,Doors,18000,8,2,36000,6
31/08/2022,50cc8925-653e-43d6-81c4-a48837225986,GE 90,Doors,18500,18,6,111000,12
31/08/2022,460012e9-0330-49a1-b02f-c89101310a7c,GE 255,Doors,20500,8,1,20500,7
31/08/2022,946c62b7-ced8-42ca-b8d7-fd8149781b85,GE 230,Doors,18500,16,2,37000,14
31/08/2022,3413b9e8-2970-4779-bb38-00b66378bf4c,GE 44,Doors,25900,14,1,25900,13
31/08/2022,9abc5851-c541-481b-b608-a8fd014cd5fe,GE 46,Doors,15500,18,7,108500,11
31/08/2023,60bad51b-32e6-4611-989a-892f63ea1721,GE 55,Doors,15000,17,4,60000,13
31/08/2023,01ffe34c-f81a-4674-8dcd-1582d59b0288,GE 53,Doors,18500,11,7,129500,4
31/08/2023,bfcd436f-18f8-4297-9931-36c1e5670d60,GE 120,Window,16000,16,3,48000,13
31/08/2023,ed89a15d-5ce2-4008-87fe-c7c2803d6c38,GE 110,Window,20000,16,5,100000,11
31/08/2023,947272da-97c7-4d73-ac89-7dcc3727aa33,GE 162,Window,18000,11,6,108000,5
31/08/2023,e34b546d-7b56-4f83-b8f7-3f27a4a89a3b,GE 108,Window,22500,12,5,112500,7
31/08/2023,c25f34c8-8678-4433-a4e1-58c99730f9ec,PD Door,Casement,13500,8,6,81000,2
31/08/2023,7f49f977-2bc6-4685-9de8-951c1a0302a5,GE 40,Casement,27500,8,4,110000,4
31/08/2023,508d4434-222f-4b32-9f5a-1476a1328abf,Top Hung,Sliding,29000,18,5,145000,13
31/08/2023,37835726-5665-42f5-8650-e32c11248a80,GE 157,Sliding,25950,18,8,207600,10
31/08/2023,8b7c8a04-4078-4c97-a4fc-0a02237b5f6a,Glass Railings,Railings,27500,11,4,110000,7
31/08/2023,a5c371f6-48a9-4ff2-bacb-ce938d78bae6,Canopy,Canopy,35500,15,2,71000,13
31/08/2023,ecafecf1-549a-464d-8d0b-f7e9f9b06758,Mullion 120,Curtain Wall,45000,13,1,45000,12
31/08/2023,12516a01-4422-47b7-baa8-cd8114dd57cd,GE 75,Door,28000,14,6,168000,8
31/08/2023,c96ec18d-fbf9-48a1-83e5-05a68a227a7f,GE 155,Door,22000,19,3,66000,16
31/08/2023,c5eda2cf-da7c-4097-905b-5e80ff178364,Shower Enclosure,Shower,16000,9,6,96000,3
31/08/2023,ef6562b3-fc34-4cd4-a306-1d4378d7f9f4,GE 155,Casement,22000,12,4,88000,8
31/08/2023,c436211f-2f1e-490d-910a-376005de373e,GE 220,Casement,18000,19,1,18000,18
31/08/2023,06ccee25-8910-4179-8598-0c5c86e8dddb,GE 88,Windows,22000,16,5,110000,11
31/08/2023,6b5d7df9-72a7-4e2a-ae12-4c7b63b0ce09,GE 167,Windows,25500,10,1,25500,9
31/08/2023,735034b4-daa2-4f3b-9b0c-2271f229bf34,GE 196,Windows,21500,8,6,129000,2
31/08/2023,6b1e998e-61c8-4852-bc43-fa12ee937bed,GE 173,Windows,12500,15,5,62500,10
31/08/2023,5558231e-211d-438e-be31-b84465237df9,GE 200,Windows,25500,16,4,102000,12
31/08/2023,d81c2f9c-1458-4d24-9f9b-369e4ac32b66,GE 201,Windows,15500,13,6,93000,7
31/08/2023,c07787b4-eca4-4122-b8f8-9853c61d4345,GE 250,Windows,29500,11,1,29500,10
31/08/2023,216a269f-65f9-4c21-8b5a-aead377717f3,GE 299,Windows,24500,11,4,98000,7
31/08/2023,2ec8374c-2898-4d99-ba50-479f446fd759,GE 166,Windows,15500,13,4,62000,9
31/08/2023,8fe30126-021d-4823-a675-9e1f929f2926,GE 232,Windows,10500,13,5,52500,8
31/08/2023,f3612a9a-f658-4eaf-bb03-13b68dea493e,GE 242,Canopy,29900,9,4,119600,5
31/08/2023,8c222d94-46c7-4051-a465-ee073f50fb57,GE 139,Canopy,30900,8,6,185400,2
31/08/2023,63864ea6-eb45-4a8c-be75-51e170f483b8,GE 240,Railings,25000,16,2,50000,14
31/08/2023,12516a01-4422-47b7-baa8-cd8114dd57cd,GE 245,Railings,29000,19,6,174000,13
31/08/2023,b5f2fc3d-3360-477d-829c-86ce2fc68a37,GE 246,Railings,29000,15,3,87000,12
31/08/2023,ef55b232-c0fa-4fa5-aae4-500f08643b10,GE 275,Curtain Wall,30500,8,1,30500,7
31/08/2023,c96ec18d-fbf9-48a1-83e5-05a68a227a7f,GE 195,Sliding,25000,8,3,75000,5
31/08/2023,f3612a9a-f658-4eaf-bb03-13b68dea493e,GE 243,Sliding,29000,10,6,174000,4
31/08/2023,de61d4ef-b3e7-49fa-824e-e2770097cd85,GE 192,Sliding,27500,8,6,165000,2
31/08/2023,fcdb2da0-0c77-44f3-8a05-d2a349b5a763,GE 75,Doors,28000,8,6,168000,2
31/08/2023,f22b8e3a-64a0-4f01-8977-721ecba85cce,GE 125,Doors,18000,15,4,72000,11
31/08/2023,86de73fe-1591-4fbe-9df5-33afede89921,GE 142,Doors,13500,8,2,27000,6
31/08/2023,94d632d2-74cd-456f-a632-cca1c5242f5e,GE 68,Doors,12000,12,1,12000,11
31/08/2023,07259106-c125-42f6-b701-0592a48bc669,GE 172,Doors,15000,17,3,45000,14
31/08/2023,04d35512-cec6-4e48-864e-4d5b6d08684d,GE 211,Doors,20000,16,1,20000,15
31/08/2023,7f66913b-cf98-4cd9-b556-8d87a7c81149,GE 89,Doors,15000,8,1,15000,7
31/08/2023,bab30b58-c96f-4634-9360-24b3d6cfed3a,GE 210,Doors,18000,12,4,72000,8
31/08/2023,50cc8925-653e-43d6-81c4-a48837225986,GE 90,Doors,18500,14,1,18500,13
31/08/2023,460012e9-0330-49a1-b02f-c89101310a7c,GE 255,Doors,20500,18,8,164000,10
31/08/2023,946c62b7-ced8-42ca-b8d7-fd8149781b85,GE 230,Doors,18500,8,5,92500,3
31/08/2023,3413b9e8-2970-4779-bb38-00b66378bf4c,GE 44,Doors,25900,15,6,155400,9
31/08/2023,9abc5851-c541-481b-b608-a8fd014cd5fe,GE 46,Doors,15500,19,5,77500,14
31/08/2024,60bad51b-32e6-4611-989a-892f63ea1721,GE 55,Doors,15000,15,4,60000,11
31/08/2024,01ffe34c-f81a-4674-8dcd-1582d59b0288,GE 53,Doors,18500,10,5,92500,5
31/08/2024,bfcd436f-18f8-4297-9931-36c1e5670d60,GE 120,Window,16000,13,3,48000,10
31/08/2024,ed89a15d-5ce2-4008-87fe-c7c2803d6c38,GE 110,Window,20000,13,7,140000,6
31/08/2024,947272da-97c7-4d73-ac89-7dcc3727aa33,GE 162,Window,18000,10,2,36000,8
31/08/2024,e34b546d-7b56-4f83-b8f7-3f27a4a89a3b,GE 108,Window,22500,18,5,112500,13
31/08/2024,c25f34c8-8678-4433-a4e1-58c99730f9ec,PD Door,Casement,13500,12,9,121500,3
31/08/2024,7f49f977-2bc6-4685-9de8-951c1a0302a5,GE 40,Casement,27500,16,8,220000,8
31/08/2024,508d4434-222f-4b32-9f5a-1476a1328abf,Top Hung,Sliding,29000,11,8,232000,3
31/08/2024,37835726-5665-42f5-8650-e32c11248a80,GE 157,Sliding,25950,17,2,51900,15
31/08/2024,8b7c8a04-4078-4c97-a4fc-0a02237b5f6a,Glass Railings,Railings,27500,11,6,165000,5
31/08/2024,a5c371f6-48a9-4ff2-bacb-ce938d78bae6,Canopy,Canopy,35500,11,1,35500,10
31/08/2024,ecafecf1-549a-464d-8d0b-f7e9f9b06758,Mullion 120,Curtain Wall,45000,8,2,90000,6
31/08/2024,12516a01-4422-47b7-baa8-cd8114dd57cd,GE 75,Door,28000,18,7,196000,11
31/08/2024,c96ec18d-fbf9-48a1-83e5-05a68a227a7f,GE 155,Door,22000,15,3,66000,12
31/08/2024,c5eda2cf-da7c-4097-905b-5e80ff178364,Shower Enclosure,Shower,16000,18,6,96000,12
31/08/2024,ef6562b3-fc34-4cd4-a306-1d4378d7f9f4,GE 155,Casement,22000,8,5,110000,3
31/08/2024,c436211f-2f1e-490d-910a-376005de373e,GE 220,Casement,18000,14,2,36000,12
31/08/2024,06ccee25-8910-4179-8598-0c5c86e8dddb,GE 88,Windows,22000,8,8,176000,0
31/08/2024,6b5d7df9-72a7-4e2a-ae12-4c7b63b0ce09,GE 167,Windows,25500,9,7,178500,2
31/08/2024,735034b4-daa2-4f3b-9b0c-2271f229bf34,GE 196,Windows,21500,9,7,150500,2
31/08/2024,6b1e998e-61c8-4852-bc43-fa12ee937bed,GE 173,Windows,12500,12,1,12500,11
31/08/2024,5558231e-211d-438e-be31-b84465237df9,GE 200,Windows,25500,11,1,25500,10
31/08/2024,d81c2f9c-1458-4d24-9f9b-369e4ac32b66,GE 201,Windows,15500,19,5,77500,14
31/08/2024,c07787b4-eca4-4122-b8f8-9853c61d4345,GE 250,Windows,29500,11,8,236000,3
31/08/2024,216a269f-65f9-4c21-8b5a-aead377717f3,GE 299,Windows,24500,11,1,24500,10
31/08/2024,2ec8374c-2898-4d99-ba50-479f446fd759,GE 166,Windows,15500,8,4,62000,4
31/08/2024,8fe30126-021d-4823-a675-9e1f929f2926,GE 232,Windows,10500,9,1,10500,8
31/08/2024,f3612a9a-f658-4eaf-bb03-13b68dea493e,GE 242,Canopy,29900,19,1,29900,18
31/08/2024,8c222d94-46c7-4051-a465-ee073f50fb57,GE 139,Canopy,30900,16,1,30900,15
31/08/2024,63864ea6-eb45-4a8c-be75-51e170f483b8,GE 240,Railings,25000,18,8,200000,10
31/08/2024,12516a01-4422-47b7-baa8-cd8114dd57cd,GE 245,Railings,29000,18,2,58000,16
31/08/2024,b5f2fc3d-3360-477d-829c-86ce2fc68a37,GE 246,Railings,29000,18,4,116000,14
31/08/2024,ef55b232-c0fa-4fa5-aae4-500f08643b10,GE 275,Curtain Wall,30500,8,2,61000,6
31/08/2024,c96ec18d-fbf9-48a1-83e5-05a68a227a7f,GE 195,Sliding,25000,12,7,175000,5
31/08/2024,f3612a9a-f658-4eaf-bb03-13b68dea493e,GE 243,Sliding,29000,13,7,203000,6
31/08/2024,de61d4ef-b3e7-49fa-824e-e2770097cd85,GE 192,Sliding,27500,10,7,192500,3
31/08/2024,fcdb2da0-0c77-44f3-8a05-d2a349b5a763,GE 75,Doors,28000,8,4,112000,4
31/08/2024,f22b8e3a-64a0-4f01-8977-721ecba85cce,GE 125,Doors,18000,15,1,18000,14
31/08/2024,86de73fe-1591-4fbe-9df5-33afede89921,GE 142,Doors,13500,9,4,54000,5
31/08/2024,94d632d2-74cd-456f-a632-cca1c5242f5e,GE 68,Doors,12000,18,1,12000,17
31/08/2024,07259106-c125-42f6-b701-0592a48bc669,GE 172,Doors,15000,15,7,105000,8
31/08/2024,04d35512-cec6-4e48-864e-4d5b6d08684d,GE 211,Doors,20000,13,7,140000,6
31/08/2024,7f66913b-cf98-4cd9-b556-8d87a7c81149,GE 89,Doors,15000,11,7,105000,4
31/08/2024,bab30b58-c96f-4634-9360-24b3d6cfed3a,GE 210,Doors,18000,18,6,108000,12
31/08/2024,50cc8925-653e-43d6-81c4-a48837225986,GE 90,Doors,18500,11,2,37000,9
31/08/2024,460012e9-0330-49a1-b02f-c89101310a7c,GE 255,Doors,20500,16,5,102500,11
31/08/2024,946c62b7-ced8-42ca-b8d7-fd8149781b85,GE 230,Doors,18500,10,2,37000,8
31/08/2024,3413b9e8-2970-4779-bb38-00b66378bf4c,GE 44,Doors,25900,15,4,103600,11
31/08/2024,9abc5851-c541-481b-b608-a8fd014cd5fe,GE 46,Doors,15500,17,3,46500,14
31/08/2025,60bad51b-32e6-4611-989a-892f63ea1721,GE 55,Doors,15000,17,8,120000,9
31/08/2025,01ffe34c-f81a-4674-8dcd-1582d59b0288,GE 53,Doors,18500,16,4,74000,12
31/08/2025,bfcd436f-18f8-4297-9931-36c1e5670d60,GE 120,Window,16000,17,7,112000,10
31/08/2025,ed89a15d-5ce2-4008-87fe-c7c2803d6c38,GE 110,Window,20000,14,9,180000,5
31/08/2025,947272da-97c7-4d73-ac89-7dcc3727aa33,GE 162,Window,18000,13,5,90000,8
31/08/2025,e34b546d-7b56-4f83-b8f7-3f27a4a89a3b,GE 108,Window,22500,9,1,22500,8
31/08/2025,c25f34c8-8678-4433-a4e1-58c99730f9ec,PD Door,Casement,13500,8,1,13500,7
31/08/2025,7f49f977-2bc6-4685-9de8-951c1a0302a5,GE 40,Casement,27500,10,1,27500,9
31/08/2025,508d4434-222f-4b32-9f5a-1476a1328abf,Top Hung,Sliding,29000,11,2,58000,9
31/08/2025,37835726-5665-42f5-8650-e32c11248a80,GE 157,Sliding,25950,17,7,181650,10
31/08/2025,8b7c8a04-4078-4c97-a4fc-0a02237b5f6a,Glass Railings,Railings,27500,11,3,82500,8
31/08/2025,a5c371f6-48a9-4ff2-bacb-ce938d78bae6,Canopy,Canopy,35500,9,6,213000,3
31/08/2025,ecafecf1-549a-464d-8d0b-f7e9f9b06758,Mullion 120,Curtain Wall,45000,9,8,360000,1
31/08/2025,12516a01-4422-47b7-baa8-cd8114dd57cd,GE 75,Door,28000,10,4,112000,6
31/08/2025,c96ec18d-fbf9-48a1-83e5-05a68a227a7f,GE 155,Door,22000,19,1,22000,18
31/08/2025,c5eda2cf-da7c-4097-905b-5e80ff178364,Shower Enclosure,Shower,16000,17,4,64000,13
31/08/2025,ef6562b3-fc34-4cd4-a306-1d4378d7f9f4,GE 155,Casement,22000,11,3,66000,8
31/08/2025,c436211f-2f1e-490d-910a-376005de373e,GE 220,Casement,18000,15,5,90000,10
31/08/2025,06ccee25-8910-4179-8598-0c5c86e8dddb,GE 88,Windows,22000,19,7,154000,12
31/08/2025,6b5d7df9-72a7-4e2a-ae12-4c7b63b0ce09,GE 167,Windows,25500,13,2,51000,11
31/08/2025,735034b4-daa2-4f3b-9b0c-2271f229bf34,GE 196,Windows,21500,12,5,107500,7
31/08/2025,6b1e998e-61c8-4852-bc43-fa12ee937bed,GE 173,Windows,12500,14,6,75000,8
31/08/2025,5558231e-211d-438e-be31-b84465237df9,GE 200,Windows,25500,14,1,25500,13
31/08/2025,d81c2f9c-1458-4d24-9f9b-369e4ac32b66,GE 201,Windows,15500,13,7,108500,6
31/08/2025,c07787b4-eca4-4122-b8f8-9853c61d4345,GE 250,Windows,29500,19,8,236000,11
31/08/2025,216a269f-65f9-4c21-8b5a-aead377717f3,GE 299,Windows,24500,14,7,171500,7
31/08/2025,2ec8374c-2898-4d99-ba50-479f446fd759,GE 166,Windows,15500,8,4,62000,4
31/08/2025,8fe30126-021d-4823-a675-9e1f929f2926,GE 232,Windows,10500,15,3,31500,12
31/08/2025,f3612a9a-f658-4eaf-bb03-13b68dea493e,GE 242,Canopy,29900,15,7,209300,8
31/08/2025,8c222d94-46c7-4051-a465-ee073f50fb57,GE 139,Canopy,30900,12,1,30900,11
31/08/2025,63864ea6-eb45-4a8c-be75-51e170f483b8,GE 240,Railings,25000,15,1,25000,14
31/08/2025,12516a01-4422-47b7-baa8-cd8114dd57cd,GE 245,Railings,29000,15,5,145000,10
31/08/2025,b5f2fc3d-3360-477d-829c-86ce2fc68a37,GE 246,Railings,29000,19,2,58000,17
31/08/2025,ef55b232-c0fa-4fa5-aae4-500f08643b10,GE 275,Curtain Wall,30500,16,5,152500,11
31/08/2025,c96ec18d-fbf9-48a1-83e5-05a68a227a7f,GE 195,Sliding,25000,17,2,50000,15
31/08/2025,f3612a9a-f658-4eaf-bb03-13b68dea493e,GE 243,Sliding,29000,14,2,58000,12
31/08/2025,de61d4ef-b3e7-49fa-824e-e2770097cd85,GE 192,Sliding,27500,15,8,220000,7
31/08/2025,fcdb2da0-0c77-44f3-8a05-d2a349b5a763,GE 75,Doors,28000,14,1,28000,13
31/08/2025,f22b8e3a-64a0-4f01-8977-721ecba85cce,GE 125,Doors,18000,9,1,18000,8
31/08/2025,86de73fe-1591-4fbe-9df5-33afede89921,GE 142,Doors,13500,11,4,54000,7
31/08/2025,94d632d2-74cd-456f-a632-cca1c5242f5e,GE 68,Doors,12000,13,2,24000,11
31/08/2025,07259106-c125-42f6-b701-0592a48bc669,GE 172,Doors,15000,15,8,120000,7
31/08/2025,04d35512-cec6-4e48-864e-4d5b6d08684d,GE 211,Doors,20000,12,2,40000,10
31/08/2025,7f66913b-cf98-4cd9-b556-8d87a7c81149,GE 89,Doors,15000,8,4,60000,4
31/08/2025,bab30b58-c96f-4634-9360-24b3d6cfed3a,GE 210,Doors,18000,17,6,108000,11
31/08/2025,50cc8925-653e-43d6-81c4-a48837225986,GE 90,Doors,18500,15,1,18500,14
31/08/2025,460012e9-0330-49a1-b02f-c89101310a7c,GE 255,Doors,20500,10,2,41000,8
31/08/2025,946c62b7-ced8-42ca-b8d7-fd8149781b85,GE 230,Doors,18500,10,3,55500,7
31/08/2025,3413b9e8-2970-4779-bb38-00b66378bf4c,GE 44,Doors,25900,13,1,25900,12
31/08/2025,9abc5851-c541-481b-b608-a8fd014cd5fe,GE 46,Doors,15500,9,6,93000,3
31/10/2022,60bad51b-32e6-4611-989a-892f63ea1721,GE 55,Doors,15000,8,5,75000,3
31/10/2022,01ffe34c-f81a-4674-8dcd-1582d59b0288,GE 53,Doors,18500,9,3,55500,6
31/10/2022,bfcd436f-18f8-4297-9931-36c1e5670d60,GE 120,Window,16000,18,5,80000,13
31/10/2022,ed89a15d-5ce2-4008-87fe-c7c2803d6c38,GE 110,Window,20000,10,3,60000,7
31/10/2022,947272da-97c7-4d73-ac89-7dcc3727aa33,GE 162,Window,18000,11,6,108000,5
31/10/2022,e34b546d-7b56-4f83-b8f7-3f27a4a89a3b,GE 108,Window,22500,12,4,90000,8
31/10/2022,c25f34c8-8678-4433-a4e1-58c99730f9ec,PD Door,Casement,13500,15,5,67500,10
31/10/2022,7f49f977-2bc6-4685-9de8-951c1a0302a5,GE 40,Casement,27500,17,6,165000,11
31/10/2022,508d4434-222f-4b32-9f5a-1476a1328abf,Top Hung,Sliding,29000,14,4,116000,10
31/10/2022,37835726-5665-42f5-8650-e32c11248a80,GE 157,Sliding,25950,8,3,77850,5
31/10/2022,8b7c8a04-4078-4c97-a4fc-0a02237b5f6a,Glass Railings,Railings,27500,15,7,192500,8
31/10/2022,a5c371f6-48a9-4ff2-bacb-ce938d78bae6,Canopy,Canopy,35500,9,7,248500,2
31/10/2022,ecafecf1-549a-464d-8d0b-f7e9f9b06758,Mullion 120,Curtain Wall,45000,8,6,270000,2
31/10/2022,12516a01-4422-47b7-baa8-cd8114dd57cd,GE 75,Door,28000,16,1,28000,15
31/10/2022,c96ec18d-fbf9-48a1-83e5-05a68a227a7f,GE 155,Door,22000,11,5,110000,6
31/10/2022,c5eda2cf-da7c-4097-905b-5e80ff178364,Shower Enclosure,Shower,16000,12,5,80000,7
31/10/2022,ef6562b3-fc34-4cd4-a306-1d4378d7f9f4,GE 155,Casement,22000,19,7,154000,12
31/10/2022,c436211f-2f1e-490d-910a-376005de373e,GE 220,Casement,18000,15,3,54000,12
31/10/2022,06ccee25-8910-4179-8598-0c5c86e8dddb,GE 88,Windows,22000,9,1,22000,8
31/10/2022,6b5d7df9-72a7-4e2a-ae12-4c7b63b0ce09,GE 167,Windows,25500,11,3,76500,8
31/10/2022,735034b4-daa2-4f3b-9b0c-2271f229bf34,GE 196,Windows,21500,13,6,129000,7
31/10/2022,6b1e998e-61c8-4852-bc43-fa12ee937bed,GE 173,Windows,12500,17,3,37500,14
31/10/2022,5558231e-211d-438e-be31-b84465237df9,GE 200,Windows,25500,17,1,25500,16
31/10/2022,d81c2f9c-1458-4d24-9f9b-369e4ac32b66,GE 201,Windows,15500,10,7,108500,3
31/10/2022,c07787b4-eca4-4122-b8f8-9853c61d4345,GE 250,Windows,29500,13,1,29500,12
31/10/2022,216a269f-65f9-4c21-8b5a-aead377717f3,GE 299,Windows,24500,11,2,49000,9
31/10/2022,2ec8374c-2898-4d99-ba50-479f446fd759,GE 166,Windows,15500,18,2,31000,16
31/10/2022,8fe30126-021d-4823-a675-9e1f929f2926,GE 232,Windows,10500,9,7,73500,2
31/10/2022,f3612a9a-f658-4eaf-bb03-13b68dea493e,GE 242,Canopy,29900,10,3,89700,7
31/10/2022,8c222d94-46c7-4051-a465-ee073f50fb57,GE 139,Canopy,30900,15,5,154500,10
31/10/2022,63864ea6-eb45-4a8c-be75-51e170f483b8,GE 240,Railings,25000,16,4,100000,12
31/10/2022,12516a01-4422-47b7-baa8-cd8114dd57cd,GE 245,Railings,29000,9,3,87000,6
31/10/2022,b5f2fc3d-3360-477d-829c-86ce2fc68a37,GE 246,Railings,29000,10,3,87000,7
31/10/2022,ef55b232-c0fa-4fa5-aae4-500f08643b10,GE 275,Curtain Wall,30500,16,3,91500,13
31/10/2022,c96ec18d-fbf9-48a1-83e5-05a68a227a7f,GE 195,Sliding,25000,19,2,50000,17
31/10/2022,f3612a9a-f658-4eaf-bb03-13b68dea493e,GE 243,Sliding,29000,15,0,0,15
31/10/2022,de61d4ef-b3e7-49fa-824e-e2770097cd85,GE 192,Sliding,27500,18,2,55000,16
31/10/2022,fcdb2da0-0c77-44f3-8a05-d2a349b5a763,GE 75,Doors,28000,13,3,84000,10
31/10/2022,f22b8e3a-64a0-4f01-8977-721ecba85cce,GE 125,Doors,18000,17,2,36000,15
31/10/2022,86de73fe-1591-4fbe-9df5-33afede89921,GE 142,Doors,13500,19,6,81000,13
31/10/2022,94d632d2-74cd-456f-a632-cca1c5242f5e,GE 68,Doors,12000,8,2,24000,6
31/10/2022,07259106-c125-42f6-b701-0592a48bc669,GE 172,Doors,15000,10,2,30000,8
31/10/2022,04d35512-cec6-4e48-864e-4d5b6d08684d,GE 211,Doors,20000,15,2,40000,13
31/10/2022,7f66913b-cf98-4cd9-b556-8d87a7c81149,GE 89,Doors,15000,8,6,90000,2
31/10/2022,bab30b58-c96f-4634-9360-24b3d6cfed3a,GE 210,Doors,18000,15,5,90000,10
31/10/2022,50cc8925-653e-43d6-81c4-a48837225986,GE 90,Doors,18500,18,1,18500,17
31/10/2022,460012e9-0330-49a1-b02f-c89101310a7c,GE 255,Doors,20500,16,6,123000,10
31/10/2022,946c62b7-ced8-42ca-b8d7-fd8149781b85,GE 230,Doors,18500,18,6,111000,12
31/10/2022,3413b9e8-2970-4779-bb38-00b66378bf4c,GE 44,Doors,25900,12,3,77700,9
31/10/2022,9abc5851-c541-481b-b608-a8fd014cd5fe,GE 46,Doors,15500,16,3,46500,13
31/10/2023,60bad51b-32e6-4611-989a-892f63ea1721,GE 55,Doors,15000,16,1,15000,15
31/10/2023,01ffe34c-f81a-4674-8dcd-1582d59b0288,GE 53,Doors,18500,13,6,111000,7
31/10/2023,bfcd436f-18f8-4297-9931-36c1e5670d60,GE 120,Window,16000,10,3,48000,7
31/10/2023,ed89a15d-5ce2-4008-87fe-c7c2803d6c38,GE 110,Window,20000,10,2,40000,8
31/10/2023,947272da-97c7-4d73-ac89-7dcc3727aa33,GE 162,Window,18000,19,7,126000,12
31/10/2023,e34b546d-7b56-4f83-b8f7-3f27a4a89a3b,GE 108,Window,22500,14,4,90000,10
31/10/2023,c25f34c8-8678-4433-a4e1-58c99730f9ec,PD Door,Casement,13500,19,6,81000,13
31/10/2023,7f49f977-2bc6-4685-9de8-951c1a0302a5,GE 40,Casement,27500,9,3,82500,6
31/10/2023,508d4434-222f-4b32-9f5a-1476a1328abf,Top Hung,Sliding,29000,8,4,116000,4
31/10/2023,37835726-5665-42f5-8650-e32c11248a80,GE 157,Sliding,25950,15,7,181650,8
31/10/2023,8b7c8a04-4078-4c97-a4fc-0a02237b5f6a,Glass Railings,Railings,27500,17,3,82500,14
31/10/2023,a5c371f6-48a9-4ff2-bacb-ce938d78bae6,Canopy,Canopy,35500,12,5,177500,7
31/10/2023,ecafecf1-549a-464d-8d0b-f7e9f9b06758,Mullion 120,Curtain Wall,45000,12,5,225000,7
31/10/2023,12516a01-4422-47b7-baa8-cd8114dd57cd,GE 75,Door,28000,18,6,168000,12
31/10/2023,c96ec18d-fbf9-48a1-83e5-05a68a227a7f,GE 155,Door,22000,13,6,132000,7
31/10/2023,c5eda2cf-da7c-4097-905b-5e80ff178364,Shower Enclosure,Shower,16000,13,6,96000,7
31/10/2023,ef6562b3-fc34-4cd4-a306-1d4378d7f9f4,GE 155,Casement,22000,14,4,88000,10
31/10/2023,c436211f-2f1e-490d-910a-376005de373e,GE 220,Casement,18000,15,5,90000,10
31/10/2023,06ccee25-8910-4179-8598-0c5c86e8dddb,GE 88,Windows,22000,17,5,110000,12
31/10/2023,6b5d7df9-72a7-4e2a-ae12-4c7b63b0ce09,GE 167,Windows,25500,10,3,76500,7
31/10/2023,735034b4-daa2-4f3b-9b0c-2271f229bf34,GE 196,Windows,21500,19,5,107500,14
31/10/2023,6b1e998e-61c8-4852-bc43-fa12ee937bed,GE 173,Windows,12500,13,2,25000,11
31/10/2023,5558231e-211d-438e-be31-b84465237df9,GE 200,Windows,25500,18,1,25500,17
31/10/2023,d81c2f9c-1458-4d24-9f9b-369e4ac32b66,GE 201,Windows,15500,14,3,46500,11
31/10/2023,c07787b4-eca4-4122-b8f8-9853c61d4345,GE 250,Windows,29500,16,3,88500,13
31/10/2023,216a269f-65f9-4c21-8b5a-aead377717f3,GE 299,Windows,24500,10,7,171500,3
31/10/2023,2ec8374c-2898-4d99-ba50-479f446fd759,GE 166,Windows,15500,9,5,77500,4
31/10/2023,8fe30126-021d-4823-a675-9e1f929f2926,GE 232,Windows,10500,11,6,63000,5
31/10/2023,f3612a9a-f658-4eaf-bb03-13b68dea493e,GE 242,Canopy,29900,16,4,119600,12
31/10/2023,8c222d94-46c7-4051-a465-ee073f50fb57,GE 139,Canopy,30900,8,1,30900,7
31/10/2023,63864ea6-eb45-4a8c-be75-51e170f483b8,GE 240,Railings,25000,15,3,75000,12
31/10/2023,12516a01-4422-47b7-baa8-cd8114dd57cd,GE 245,Railings,29000,10,3,87000,7
31/10/2023,b5f2fc3d-3360-477d-829c-86ce2fc68a37,GE 246,Railings,29000,14,2,58000,12
31/10/2023,ef55b232-c0fa-4fa5-aae4-500f08643b10,GE 275,Curtain Wall,30500,13,4,122000,9
31/10/2023,c96ec18d-fbf9-48a1-83e5-05a68a227a7f,GE 195,Sliding,25000,17,2,50000,15
31/10/2023,f3612a9a-f658-4eaf-bb03-13b68dea493e,GE 243,Sliding,29000,12,5,145000,7
31/10/2023,de61d4ef-b3e7-49fa-824e-e2770097cd85,GE 192,Sliding,27500,15,3,82500,12
31/10/2023,fcdb2da0-0c77-44f3-8a05-d2a349b5a763,GE 75,Doors,28000,16,6,168000,10
31/10/2023,f22b8e3a-64a0-4f01-8977-721ecba85cce,GE 125,Doors,18000,10,2,36000,8
31/10/2023,86de73fe-1591-4fbe-9df5-33afede89921,GE 142,Doors,13500,8,6,81000,2
31/10/2023,94d632d2-74cd-456f-a632-cca1c5242f5e,GE 68,Doors,12000,8,5,60000,3
31/10/2023,07259106-c125-42f6-b701-0592a48bc669,GE 172,Doors,15000,8,5,75000,3
31/10/2023,04d35512-cec6-4e48-864e-4d5b6d08684d,GE 211,Doors,20000,15,6,120000,9
31/10/2023,7f66913b-cf98-4cd9-b556-8d87a7c81149,GE 89,Doors,15000,16,1,15000,15
31/10/2023,bab30b58-c96f-4634-9360-24b3d6cfed3a,GE 210,Doors,18000,9,1,18000,8
31/10/2023,50cc8925-653e-43d6-81c4-a48837225986,GE 90,Doors,18500,11,6,111000,5
31/10/2023,460012e9-0330-49a1-b02f-c89101310a7c,GE 255,Doors,20500,18,3,61500,15
31/10/2023,946c62b7-ced8-42ca-b8d7-fd8149781b85,GE 230,Doors,18500,19,7,129500,12
31/10/2023,3413b9e8-2970-4779-bb38-00b66378bf4c,GE 44,Doors,25900,9,7,181300,2
31/10/2023,9abc5851-c541-481b-b608-a8fd014cd5fe,GE 46,Doors,15500,18,7,108500,11
31/10/2024,60bad51b-32e6-4611-989a-892f63ea1721,GE 55,Doors,15000,12,2,30000,10
31/10/2024,01ffe34c-f81a-4674-8dcd-1582d59b0288,GE 53,Doors,18500,13,4,74000,9
31/10/2024,bfcd436f-18f8-4297-9931-36c1e5670d60,GE 120,Window,16000,9,5,80000,4
31/10/2024,ed89a15d-5ce2-4008-87fe-c7c2803d6c38,GE 110,Window,20000,14,4,80000,10
31/10/2024,947272da-97c7-4d73-ac89-7dcc3727aa33,GE 162,Window,18000,10,3,54000,7
31/10/2024,e34b546d-7b56-4f83-b8f7-3f27a4a89a3b,GE 108,Window,22500,10,1,22500,9
31/10/2024,c25f34c8-8678-4433-a4e1-58c99730f9ec,PD Door,Casement,13500,11,5,67500,6
31/10/2024,7f49f977-2bc6-4685-9de8-951c1a0302a5,GE 40,Casement,27500,17,6,165000,11
31/10/2024,508d4434-222f-4b32-9f5a-1476a1328abf,Top Hung,Sliding,29000,8,4,116000,4
31/10/2024,37835726-5665-42f5-8650-e32c11248a80,GE 157,Sliding,25950,10,5,129750,5
31/10/2024,8b7c8a04-4078-4c97-a4fc-0a02237b5f6a,Glass Railings,Railings,27500,17,7,192500,10
31/10/2024,a5c371f6-48a9-4ff2-bacb-ce938d78bae6,Canopy,Canopy,35500,11,3,106500,8
31/10/2024,ecafecf1-549a-464d-8d0b-f7e9f9b06758,Mullion 120,Curtain Wall,45000,11,0,0,11
31/10/2024,12516a01-4422-47b7-baa8-cd8114dd57cd,GE 75,Door,28000,9,3,84000,6
31/10/2024,c96ec18d-fbf9-48a1-83e5-05a68a227a7f,GE 155,Door,22000,15,3,66000,12
31/10/2024,c5eda2cf-da7c-4097-905b-5e80ff178364,Shower Enclosure,Shower,16000,14,7,112000,7
31/10/2024,ef6562b3-fc34-4cd4-a306-1d4378d7f9f4,GE 155,Casement,22000,14,6,132000,8
31/10/2024,c436211f-2f1e-490d-910a-376005de373e,GE 220,Casement,18000,17,7,126000,10
31/10/2024,06ccee25-8910-4179-8598-0c5c86e8dddb,GE 88,Windows,22000,10,8,176000,2
31/10/2024,6b5d7df9-72a7-4e2a-ae12-4c7b63b0ce09,GE 167,Windows,25500,9,2,51000,7
31/10/2024,735034b4-daa2-4f3b-9b0c-2271f229bf34,GE 196,Windows,21500,14,5,107500,9
31/10/2024,6b1e998e-61c8-4852-bc43-fa12ee937bed,GE 173,Windows,12500,14,6,75000,8
31/10/2024,5558231e-211d-438e-be31-b84465237df9,GE 200,Windows,25500,15,2,51000,13
31/10/2024,d81c2f9c-1458-4d24-9f9b-369e4ac32b66,GE 201,Windows,15500,19,6,93000,13
31/10/2024,c07787b4-eca4-4122-b8f8-9853c61d4345,GE 250,Windows,29500,13,3,88500,10
31/10/2024,216a269f-65f9-4c21-8b5a-aead377717f3,GE 299,Windows,24500,15,2,49000,13
31/10/2024,2ec8374c-2898-4d99-ba50-479f446fd759,GE 166,Windows,15500,12,2,31000,10
31/10/2024,8fe30126-021d-4823-a675-9e1f929f2926,GE 232,Windows,10500,15,4,42000,11
31/10/2024,f3612a9a-f658-4eaf-bb03-13b68dea493e,GE 242,Canopy,29900,17,4,119600,13
31/10/2024,8c222d94-46c7-4051-a465-ee073f50fb57,GE 139,Canopy,30900,11,5,154500,6
31/10/2024,63864ea6-eb45-4a8c-be75-51e170f483b8,GE 240,Railings,25000,10,7,175000,3
31/10/2024,12516a01-4422-47b7-baa8-cd8114dd57cd,GE 245,Railings,29000,15,8,232000,7
31/10/2024,b5f2fc3d-3360-477d-829c-86ce2fc68a37,GE 246,Railings,29000,8,5,145000,3
31/10/2024,ef55b232-c0fa-4fa5-aae4-500f08643b10,GE 275,Curtain Wall,30500,14,4,122000,10
31/10/2024,c96ec18d-fbf9-48a1-83e5-05a68a227a7f,GE 195,Sliding,25000,17,4,100000,13
31/10/2024,f3612a9a-f658-4eaf-bb03-13b68dea493e,GE 243,Sliding,29000,19,8,232000,11
31/10/2024,de61d4ef-b3e7-49fa-824e-e2770097cd85,GE 192,Sliding,27500,8,4,110000,4
31/10/2024,fcdb2da0-0c77-44f3-8a05-d2a349b5a763,GE 75,Doors,28000,14,2,56000,12
31/10/2024,f22b8e3a-64a0-4f01-8977-721ecba85cce,GE 125,Doors,18000,12,5,90000,7
31/10/2024,86de73fe-1591-4fbe-9df5-33afede89921,GE 142,Doors,13500,16,4,54000,12
31/10/2024,94d632d2-74cd-456f-a632-cca1c5242f5e,GE 68,Doors,12000,15,1,12000,14
31/10/2024,07259106-c125-42f6-b701-0592a48bc669,GE 172,Doors,15000,17,1,15000,16
31/10/2024,04d35512-cec6-4e48-864e-4d5b6d08684d,GE 211,Doors,20000,14,1,20000,13
31/10/2024,7f66913b-cf98-4cd9-b556-8d87a7c81149,GE 89,Doors,15000,10,5,75000,5
31/10/2024,bab30b58-c96f-4634-9360-24b3d6cfed3a,GE 210,Doors,18000,17,3,54000,14
31/10/2024,50cc8925-653e-43d6-81c4-a48837225986,GE 90,Doors,18500,12,7,129500,5
31/10/2024,460012e9-0330-49a1-b02f-c89101310a7c,GE 255,Doors,20500,14,1,20500,13
31/10/2024,946c62b7-ced8-42ca-b8d7-fd8149781b85,GE 230,Doors,18500,9,4,74000,5
31/10/2024,3413b9e8-2970-4779-bb38-00b66378bf4c,GE 44,Doors,25900,9,7,181300,2
31/10/2024,9abc5851-c541-481b-b608-a8fd014cd5fe,GE 46,Doors,15500,8,4,62000,4
31/10/2025,60bad51b-32e6-4611-989a-892f63ea1721,GE 55,Doors,15000,11,8,120000,3
31/10/2025,01ffe34c-f81a-4674-8dcd-1582d59b0288,GE 53,Doors,18500,11,4,74000,7
31/10/2025,bfcd436f-18f8-4297-9931-36c1e5670d60,GE 120,Window,16000,13,3,48000,10
31/10/2025,ed89a15d-5ce2-4008-87fe-c7c2803d6c38,GE 110,Window,20000,14,5,100000,9
31/10/2025,947272da-97c7-4d73-ac89-7dcc3727aa33,GE 162,Window,18000,14,7,126000,7
31/10/2025,e34b546d-7b56-4f83-b8f7-3f27a4a89a3b,GE 108,Window,22500,19,3,67500,16
31/10/2025,c25f34c8-8678-4433-a4e1-58c99730f9ec,PD Door,Casement,13500,12,5,67500,7
31/10/2025,7f49f977-2bc6-4685-9de8-951c1a0302a5,GE 40,Casement,27500,19,7,192500,12
31/10/2025,508d4434-222f-4b32-9f5a-1476a1328abf,Top Hung,Sliding,29000,8,3,87000,5
31/10/2025,37835726-5665-42f5-8650-e32c11248a80,GE 157,Sliding,25950,10,9,233550,1
31/10/2025,8b7c8a04-4078-4c97-a4fc-0a02237b5f6a,Glass Railings,Railings,27500,11,6,165000,5
31/10/2025,a5c371f6-48a9-4ff2-bacb-ce938d78bae6,Canopy,Canopy,35500,10,6,213000,4
31/10/2025,ecafecf1-549a-464d-8d0b-f7e9f9b06758,Mullion 120,Curtain Wall,45000,16,5,225000,11
31/10/2025,12516a01-4422-47b7-baa8-cd8114dd57cd,GE 75,Door,28000,18,3,84000,15
31/10/2025,c96ec18d-fbf9-48a1-83e5-05a68a227a7f,GE 155,Door,22000,14,3,66000,11
31/10/2025,c5eda2cf-da7c-4097-905b-5e80ff178364,Shower Enclosure,Shower,16000,16,6,96000,10
31/10/2025,ef6562b3-fc34-4cd4-a306-1d4378d7f9f4,GE 155,Casement,22000,17,2,44000,15
31/10/2025,c436211f-2f1e-490d-910a-376005de373e,GE 220,Casement,18000,18,6,108000,12
31/10/2025,06ccee25-8910-4179-8598-0c5c86e8dddb,GE 88,Windows,22000,12,1,22000,11
31/10/2025,6b5d7df9-72a7-4e2a-ae12-4c7b63b0ce09,GE 167,Windows,25500,14,8,204000,6
31/10/2025,735034b4-daa2-4f3b-9b0c-2271f229bf34,GE 196,Windows,21500,12,1,21500,11
31/10/2025,6b1e998e-61c8-4852-bc43-fa12ee937bed,GE 173,Windows,12500,12,2,25000,10
31/10/2025,5558231e-211d-438e-be31-b84465237df9,GE 200,Windows,25500,11,8,204000,3
31/10/2025,d81c2f9c-1458-4d24-9f9b-369e4ac32b66,GE 201,Windows,15500,18,4,62000,14
31/10/2025,c07787b4-eca4-4122-b8f8-9853c61d4345,GE 250,Windows,29500,8,8,236000,0
31/10/2025,216a269f-65f9-4c21-8b5a-aead377717f3,GE 299,Windows,24500,8,8,196000,0
31/10/2025,2ec8374c-2898-4d99-ba50-479f446fd759,GE 166,Windows,15500,8,6,93000,2
31/10/2025,8fe30126-021d-4823-a675-9e1f929f2926,GE 232,Windows,10500,17,10,105000,7
31/10/2025,f3612a9a-f658-4eaf-bb03-13b68dea493e,GE 242,Canopy,29900,14,3,89700,11
31/10/2025,8c222d94-46c7-4051-a465-ee073f50fb57,GE 139,Canopy,30900,19,9,278100,10
31/10/2025,63864ea6-eb45-4a8c-be75-51e170f483b8,GE 240,Railings,25000,11,8,200000,3
31/10/2025,12516a01-4422-47b7-baa8-cd8114dd57cd,GE 245,Railings,29000,19,6,174000,13
31/10/2025,b5f2fc3d-3360-477d-829c-86ce2fc68a37,GE 246,Railings,29000,9,9,261000,0
31/10/2025,ef55b232-c0fa-4fa5-aae4-500f08643b10,GE 275,Curtain Wall,30500,10,1,30500,9
31/10/2025,c96ec18d-fbf9-48a1-83e5-05a68a227a7f,GE 195,Sliding,25000,10,3,75000,7
31/10/2025,f3612a9a-f658-4eaf-bb03-13b68dea493e,GE 243,Sliding,29000,16,4,116000,12
31/10/2025,de61d4ef-b3e7-49fa-824e-e2770097cd85,GE 192,Sliding,27500,13,7,192500,6
31/10/2025,fcdb2da0-0c77-44f3-8a05-d2a349b5a763,GE 75,Doors,28000,11,5,140000,6
31/10/2025,f22b8e3a-64a0-4f01-8977-721ecba85cce,GE 125,Doors,18000,12,8,144000,4
31/10/2025,86de73fe-1591-4fbe-9df5-33afede89921,GE 142,Doors,13500,8,1,13500,7
31/10/2025,94d632d2-74cd-456f-a632-cca1c5242f5e,GE 68,Doors,12000,9,5,60000,4
31/10/2025,07259106-c125-42f6-b701-0592a48bc669,GE 172,Doors,15000,14,8,120000,6
31/10/2025,04d35512-cec6-4e48-864e-4d5b6d08684d,GE 211,Doors,20000,17,4,80000,13
31/10/2025,7f66913b-cf98-4cd9-b556-8d87a7c81149,GE 89,Doors,15000,8,4,60000,4
31/10/2025,bab30b58-c96f-4634-9360-24b3d6cfed3a,GE 210,Doors,18000,11,4,72000,7
31/10/2025,50cc8925-653e-43d6-81c4-a48837225986,GE 90,Doors,18500,14,2,37000,12
31/10/2025,460012e9-0330-49a1-b02f-c89101310a7c,GE 255,Doors,20500,18,1,20500,17
31/10/2025,946c62b7-ced8-42ca-b8d7-fd8149781b85,GE 230,Doors,18500,15,6,111000,9
31/10/2025,3413b9e8-2970-4779-bb38-00b66378bf4c,GE 44,Doors,25900,16,6,155400,10
31/10/2025,9abc5851-c541-481b-b608-a8fd014cd5fe,GE 46,Doors,15500,11,7,108500,4
31/12/2022,60bad51b-32e6-4611-989a-892f63ea1721,GE 55,Doors,15000,15,1,15000,14
31/12/2022,01ffe34c-f81a-4674-8dcd-1582d59b0288,GE 53,Doors,18500,16,6,111000,10
31/12/2022,bfcd436f-18f8-4297-9931-36c1e5670d60,GE 120,Window,16000,13,6,96000,7
31/12/2022,ed89a15d-5ce2-4008-87fe-c7c2803d6c38,GE 110,Window,20000,8,2,40000,6
31/12/2022,947272da-97c7-4d73-ac89-7dcc3727aa33,GE 162,Window,18000,9,4,72000,5
31/12/2022,e34b546d-7b56-4f83-b8f7-3f27a4a89a3b,GE 108,Window,22500,8,1,22500,7
31/12/2022,c25f34c8-8678-4433-a4e1-58c99730f9ec,PD Door,Casement,13500,8,5,67500,3
31/12/2022,7f49f977-2bc6-4685-9de8-951c1a0302a5,GE 40,Casement,27500,13,2,55000,11
31/12/2022,508d4434-222f-4b32-9f5a-1476a1328abf,Top Hung,Sliding,29000,17,7,203000,10
31/12/2022,37835726-5665-42f5-8650-e32c11248a80,GE 157,Sliding,25950,9,2,51900,7
31/12/2022,8b7c8a04-4078-4c97-a4fc-0a02237b5f6a,Glass Railings,Railings,27500,8,3,82500,5
31/12/2022,a5c371f6-48a9-4ff2-bacb-ce938d78bae6,Canopy,Canopy,35500,18,7,248500,11
31/12/2022,ecafecf1-549a-464d-8d0b-f7e9f9b06758,Mullion 120,Curtain Wall,45000,16,1,45000,15
31/12/2022,12516a01-4422-47b7-baa8-cd8114dd57cd,GE 75,Door,28000,15,2,56000,13
31/12/2022,c96ec18d-fbf9-48a1-83e5-05a68a227a7f,GE 155,Door,22000,11,7,154000,4
31/12/2022,c5eda2cf-da7c-4097-905b-5e80ff178364,Shower Enclosure,Shower,16000,14,3,48000,11
31/12/2022,ef6562b3-fc34-4cd4-a306-1d4378d7f9f4,GE 155,Casement,22000,11,7,154000,4
31/12/2022,c436211f-2f1e-490d-910a-376005de373e,GE 220,Casement,18000,17,3,54000,14
31/12/2022,06ccee25-8910-4179-8598-0c5c86e8dddb,GE 88,Windows,22000,19,2,44000,17
31/12/2022,6b5d7df9-72a7-4e2a-ae12-4c7b63b0ce09,GE 167,Windows,25500,9,7,178500,2
31/12/2022,735034b4-daa2-4f3b-9b0c-2271f229bf34,GE 196,Windows,21500,19,5,107500,14
31/12/2022,6b1e998e-61c8-4852-bc43-fa12ee937bed,GE 173,Windows,12500,10,2,25000,8
31/12/2022,5558231e-211d-438e-be31-b84465237df9,GE 200,Windows,25500,11,5,127500,6
31/12/2022,d81c2f9c-1458-4d24-9f9b-369e4ac32b66,GE 201,Windows,15500,14,6,93000,8
31/12/2022,c07787b4-eca4-4122-b8f8-9853c61d4345,GE 250,Windows,29500,10,4,118000,6
31/12/2022,216a269f-65f9-4c21-8b5a-aead377717f3,GE 299,Windows,24500,9,3,73500,6
31/12/2022,2ec8374c-2898-4d99-ba50-479f446fd759,GE 166,Windows,15500,15,1,15500,14
31/12/2022,8fe30126-021d-4823-a675-9e1f929f2926,GE 232,Windows,10500,19,2,21000,17
31/12/2022,f3612a9a-f658-4eaf-bb03-13b68dea493e,GE 242,Canopy,29900,13,1,29900,12
31/12/2022,8c222d94-46c7-4051-a465-ee073f50fb57,GE 139,Canopy,30900,8,7,216300,1
31/12/2022,63864ea6-eb45-4a8c-be75-51e170f483b8,GE 240,Railings,25000,17,6,150000,11
31/12/2022,12516a01-4422-47b7-baa8-cd8114dd57cd,GE 245,Railings,29000,12,4,116000,8
31/12/2022,b5f2fc3d-3360-477d-829c-86ce2fc68a37,GE 246,Railings,29000,11,4,116000,7
31/12/2022,ef55b232-c0fa-4fa5-aae4-500f08643b10,GE 275,Curtain Wall,30500,8,3,91500,5
31/12/2022,c96ec18d-fbf9-48a1-83e5-05a68a227a7f,GE 195,Sliding,25000,11,2,50000,9
31/12/2022,f3612a9a-f658-4eaf-bb03-13b68dea493e,GE 243,Sliding,29000,11,2,58000,9
31/12/2022,de61d4ef-b3e7-49fa-824e-e2770097cd85,GE 192,Sliding,27500,11,7,192500,4
31/12/2022,fcdb2da0-0c77-44f3-8a05-d2a349b5a763,GE 75,Doors,28000,10,3,84000,7
31/12/2022,f22b8e3a-64a0-4f01-8977-721ecba85cce,GE 125,Doors,18000,19,3,54000,16
31/12/2022,86de73fe-1591-4fbe-9df5-33afede89921,GE 142,Doors,13500,15,6,81000,9
31/12/2022,94d632d2-74cd-456f-a632-cca1c5242f5e,GE 68,Doors,12000,10,2,24000,8
31/12/2022,07259106-c125-42f6-b701-0592a48bc669,GE 172,Doors,15000,14,2,30000,12
31/12/2022,04d35512-cec6-4e48-864e-4d5b6d08684d,GE 211,Doors,20000,9,6,120000,3
31/12/2022,7f66913b-cf98-4cd9-b556-8d87a7c81149,GE 89,Doors,15000,16,6,90000,10
31/12/2022,bab30b58-c96f-4634-9360-24b3d6cfed3a,GE 210,Doors,18000,15,1,18000,14
31/12/2022,50cc8925-653e-43d6-81c4-a48837225986,GE 90,Doors,18500,14,7,129500,7
31/12/2022,460012e9-0330-49a1-b02f-c89101310a7c,GE 255,Doors,20500,16,1,20500,15
31/12/2022,946c62b7-ced8-42ca-b8d7-fd8149781b85,GE 230,Doors,18500,10,5,92500,5
31/12/2022,3413b9e8-2970-4779-bb38-00b66378bf4c,GE 44,Doors,25900,8,4,103600,4
31/12/2022,9abc5851-c541-481b-b608-a8fd014cd5fe,GE 46,Doors,15500,14,3,46500,11
31/12/2023,60bad51b-32e6-4611-989a-892f63ea1721,GE 55,Doors,15000,13,1,15000,12
31/12/2023,01ffe34c-f81a-4674-8dcd-1582d59b0288,GE 53,Doors,18500,19,3,55500,16
31/12/2023,bfcd436f-18f8-4297-9931-36c1e5670d60,GE 120,Window,16000,16,1,16000,15
31/12/2023,ed89a15d-5ce2-4008-87fe-c7c2803d6c38,GE 110,Window,20000,17,6,120000,11
31/12/2023,947272da-97c7-4d73-ac89-7dcc3727aa33,GE 162,Window,18000,12,2,36000,10
31/12/2023,e34b546d-7b56-4f83-b8f7-3f27a4a89a3b,GE 108,Window,22500,12,7,157500,5
31/12/2023,c25f34c8-8678-4433-a4e1-58c99730f9ec,PD Door,Casement,13500,13,1,13500,12
31/12/2023,7f49f977-2bc6-4685-9de8-951c1a0302a5,GE 40,Casement,27500,17,3,82500,14
31/12/2023,508d4434-222f-4b32-9f5a-1476a1328abf,Top Hung,Sliding,29000,13,1,29000,12
31/12/2023,37835726-5665-42f5-8650-e32c11248a80,GE 157,Sliding,25950,11,6,155700,5
31/12/2023,8b7c8a04-4078-4c97-a4fc-0a02237b5f6a,Glass Railings,Railings,27500,11,2,55000,9
31/12/2023,a5c371f6-48a9-4ff2-bacb-ce938d78bae6,Canopy,Canopy,35500,13,1,35500,12
31/12/2023,ecafecf1-549a-464d-8d0b-f7e9f9b06758,Mullion 120,Curtain Wall,45000,19,1,45000,18
31/12/2023,12516a01-4422-47b7-baa8-cd8114dd57cd,GE 75,Door,28000,17,4,112000,13
31/12/2023,c96ec18d-fbf9-48a1-83e5-05a68a227a7f,GE 155,Door,22000,12,2,44000,10
31/12/2023,c5eda2cf-da7c-4097-905b-5e80ff178364,Shower Enclosure,Shower,16000,16,2,32000,14
31/12/2023,ef6562b3-fc34-4cd4-a306-1d4378d7f9f4,GE 155,Casement,22000,14,6,132000,8
31/12/2023,c436211f-2f1e-490d-910a-376005de373e,GE 220,Casement,18000,14,2,36000,12
31/12/2023,06ccee25-8910-4179-8598-0c5c86e8dddb,GE 88,Windows,22000,16,7,154000,9
31/12/2023,6b5d7df9-72a7-4e2a-ae12-4c7b63b0ce09,GE 167,Windows,25500,18,6,153000,12
31/12/2023,735034b4-daa2-4f3b-9b0c-2271f229bf34,GE 196,Windows,21500,14,5,107500,9
31/12/2023,6b1e998e-61c8-4852-bc43-fa12ee937bed,GE 173,Windows,12500,16,4,50000,12
31/12/2023,5558231e-211d-438e-be31-b84465237df9,GE 200,Windows,25500,14,1,25500,13
31/12/2023,d81c2f9c-1458-4d24-9f9b-369e4ac32b66,GE 201,Windows,15500,13,3,46500,10
31/12/2023,c07787b4-eca4-4122-b8f8-9853c61d4345,GE 250,Windows,29500,10,5,147500,5
31/12/2023,216a269f-65f9-4c21-8b5a-aead377717f3,GE 299,Windows,24500,9,2,49000,7
31/12/2023,2ec8374c-2898-4d99-ba50-479f446fd759,GE 166,Windows,15500,19,4,62000,15
31/12/2023,8fe30126-021d-4823-a675-9e1f929f2926,GE 232,Windows,10500,17,1,10500,16
31/12/2023,f3612a9a-f658-4eaf-bb03-13b68dea493e,GE 242,Canopy,29900,15,5,149500,10
31/12/2023,8c222d94-46c7-4051-a465-ee073f50fb57,GE 139,Canopy,30900,19,7,216300,12
31/12/2023,63864ea6-eb45-4a8c-be75-51e170f483b8,GE 240,Railings,25000,18,2,50000,16
31/12/2023,12516a01-4422-47b7-baa8-cd8114dd57cd,GE 245,Railings,29000,17,1,29000,16
31/12/2023,b5f2fc3d-3360-477d-829c-86ce2fc68a37,GE 246,Railings,29000,17,3,87000,14
31/12/2023,ef55b232-c0fa-4fa5-aae4-500f08643b10,GE 275,Curtain Wall,30500,18,7,213500,11
31/12/2023,c96ec18d-fbf9-48a1-83e5-05a68a227a7f,GE 195,Sliding,25000,15,5,125000,10
31/12/2023,f3612a9a-f658-4eaf-bb03-13b68dea493e,GE 243,Sliding,29000,19,3,87000,16
31/12/2023,de61d4ef-b3e7-49fa-824e-e2770097cd85,GE 192,Sliding,27500,8,4,110000,4
31/12/2023,fcdb2da0-0c77-44f3-8a05-d2a349b5a763,GE 75,Doors,28000,13,5,140000,8
31/12/2023,f22b8e3a-64a0-4f01-8977-721ecba85cce,GE 125,Doors,18000,16,6,108000,10
31/12/2023,86de73fe-1591-4fbe-9df5-33afede89921,GE 142,Doors,13500,8,2,27000,6
31/12/2023,94d632d2-74cd-456f-a632-cca1c5242f5e,GE 68,Doors,12000,11,1,12000,10
31/12/2023,07259106-c125-42f6-b701-0592a48bc669,GE 172,Doors,15000,13,1,15000,12
31/12/2023,04d35512-cec6-4e48-864e-4d5b6d08684d,GE 211,Doors,20000,18,2,40000,16
31/12/2023,7f66913b-cf98-4cd9-b556-8d87a7c81149,GE 89,Doors,15000,17,7,105000,10
31/12/2023,bab30b58-c96f-4634-9360-24b3d6cfed3a,GE 210,Doors,18000,13,8,144000,5
31/12/2023,50cc8925-653e-43d6-81c4-a48837225986,GE 90,Doors,18500,9,7,129500,2
31/12/2023,460012e9-0330-49a1-b02f-c89101310a7c,GE 255,Doors,20500,10,8,164000,2
31/12/2023,946c62b7-ced8-42ca-b8d7-fd8149781b85,GE 230,Doors,18500,15,5,92500,10
31/12/2023,3413b9e8-2970-4779-bb38-00b66378bf4c,GE 44,Doors,25900,19,1,25900,18
31/12/2023,9abc5851-c541-481b-b608-a8fd014cd5fe,GE 46,Doors,15500,18,6,93000,12
31/12/2024,60bad51b-32e6-4611-989a-892f63ea1721,GE 55,Doors,15000,8,7,105000,1
31/12/2024,01ffe34c-f81a-4674-8dcd-1582d59b0288,GE 53,Doors,18500,13,2,37000,11
31/12/2024,bfcd436f-18f8-4297-9931-36c1e5670d60,GE 120,Window,16000,13,7,112000,6
31/12/2024,ed89a15d-5ce2-4008-87fe-c7c2803d6c38,GE 110,Window,20000,11,2,40000,9
31/12/2024,947272da-97c7-4d73-ac89-7dcc3727aa33,GE 162,Window,18000,16,2,36000,14
31/12/2024,e34b546d-7b56-4f83-b8f7-3f27a4a89a3b,GE 108,Window,22500,16,2,45000,14
31/12/2024,c25f34c8-8678-4433-a4e1-58c99730f9ec,PD Door,Casement,13500,16,4,54000,12
31/12/2024,7f49f977-2bc6-4685-9de8-951c1a0302a5,GE 40,Casement,27500,17,1,27500,16
31/12/2024,508d4434-222f-4b32-9f5a-1476a1328abf,Top Hung,Sliding,29000,11,6,174000,5
31/12/2024,37835726-5665-42f5-8650-e32c11248a80,GE 157,Sliding,25950,10,6,155700,4
31/12/2024,8b7c8a04-4078-4c97-a4fc-0a02237b5f6a,Glass Railings,Railings,27500,13,4,110000,9
31/12/2024,a5c371f6-48a9-4ff2-bacb-ce938d78bae6,Canopy,Canopy,35500,16,8,284000,8
31/12/2024,ecafecf1-549a-464d-8d0b-f7e9f9b06758,Mullion 120,Curtain Wall,45000,19,7,315000,12
31/12/2024,12516a01-4422-47b7-baa8-cd8114dd57cd,GE 75,Door,28000,14,6,168000,8
31/12/2024,c96ec18d-fbf9-48a1-83e5-05a68a227a7f,GE 155,Door,22000,12,2,44000,10
31/12/2024,c5eda2cf-da7c-4097-905b-5e80ff178364,Shower Enclosure,Shower,16000,9,2,32000,7
31/12/2024,ef6562b3-fc34-4cd4-a306-1d4378d7f9f4,GE 155,Casement,22000,15,9,198000,6
31/12/2024,c436211f-2f1e-490d-910a-376005de373e,GE 220,Casement,18000,11,8,144000,3
31/12/2024,06ccee25-8910-4179-8598-0c5c86e8dddb,GE 88,Windows,22000,11,1,22000,10
31/12/2024,6b5d7df9-72a7-4e2a-ae12-4c7b63b0ce09,GE 167,Windows,25500,11,6,153000,5
31/12/2024,735034b4-daa2-4f3b-9b0c-2271f229bf34,GE 196,Windows,21500,10,6,129000,4
31/12/2024,6b1e998e-61c8-4852-bc43-fa12ee937bed,GE 173,Windows,12500,18,7,87500,11
31/12/2024,5558231e-211d-438e-be31-b84465237df9,GE 200,Windows,25500,15,4,102000,11
31/12/2024,d81c2f9c-1458-4d24-9f9b-369e4ac32b66,GE 201,Windows,15500,13,5,77500,8
31/12/2024,c07787b4-eca4-4122-b8f8-9853c61d4345,GE 250,Windows,29500,14,7,206500,7
31/12/2024,216a269f-65f9-4c21-8b5a-aead377717f3,GE 299,Windows,24500,19,1,24500,18
31/12/2024,2ec8374c-2898-4d99-ba50-479f446fd759,GE 166,Windows,15500,19,2,31000,17
31/12/2024,8fe30126-021d-4823-a675-9e1f929f2926,GE 232,Windows,10500,18,5,52500,13
31/12/2024,f3612a9a-f658-4eaf-bb03-13b68dea493e,GE 242,Canopy,29900,18,7,209300,11
31/12/2024,8c222d94-46c7-4051-a465-ee073f50fb57,GE 139,Canopy,30900,8,7,216300,1
31/12/2024,63864ea6-eb45-4a8c-be75-51e170f483b8,GE 240,Railings,25000,8,5,125000,3
31/12/2024,12516a01-4422-47b7-baa8-cd8114dd57cd,GE 245,Railings,29000,13,8,232000,5
31/12/2024,b5f2fc3d-3360-477d-829c-86ce2fc68a37,GE 246,Railings,29000,15,8,232000,7
31/12/2024,ef55b232-c0fa-4fa5-aae4-500f08643b10,GE 275,Curtain Wall,30500,10,7,213500,3
31/12/2024,c96ec18d-fbf9-48a1-83e5-05a68a227a7f,GE 195,Sliding,25000,13,1,25000,12
31/12/2024,f3612a9a-f658-4eaf-bb03-13b68dea493e,GE 243,Sliding,29000,9,8,232000,1
31/12/2024,de61d4ef-b3e7-49fa-824e-e2770097cd85,GE 192,Sliding,27500,18,1,27500,17
31/12/2024,fcdb2da0-0c77-44f3-8a05-d2a349b5a763,GE 75,Doors,28000,8,5,140000,3
31/12/2024,f22b8e3a-64a0-4f01-8977-721ecba85cce,GE 125,Doors,18000,18,8,144000,10
31/12/2024,86de73fe-1591-4fbe-9df5-33afede89921,GE 142,Doors,13500,13,2,27000,11
31/12/2024,94d632d2-74cd-456f-a632-cca1c5242f5e,GE 68,Doors,12000,11,8,96000,3
31/12/2024,07259106-c125-42f6-b701-0592a48bc669,GE 172,Doors,15000,17,6,90000,11
31/12/2024,04d35512-cec6-4e48-864e-4d5b6d08684d,GE 211,Doors,20000,8,2,40000,6
31/12/2024,7f66913b-cf98-4cd9-b556-8d87a7c81149,GE 89,Doors,15000,13,7,105000,6
31/12/2024,bab30b58-c96f-4634-9360-24b3d6cfed3a,GE 210,Doors,18000,8,4,72000,4
31/12/2024,50cc8925-653e-43d6-81c4-a48837225986,GE 90,Doors,18500,12,3,55500,9
31/12/2024,460012e9-0330-49a1-b02f-c89101310a7c,GE 255,Doors,20500,11,6,123000,5
31/12/2024,946c62b7-ced8-42ca-b8d7-fd8149781b85,GE 230,Doors,18500,14,5,92500,9
31/12/2024,3413b9e8-2970-4779-bb38-00b66378bf4c,GE 44,Doors,25900,10,7,181300,3
31/12/2024,9abc5851-c541-481b-b608-a8fd014cd5fe,GE 46,Doors,15500,18,7,108500,11
31/12/2025,60bad51b-32e6-4611-989a-892f63ea1721,GE 55,Doors,15000,11,2,30000,9
31/12/2025,01ffe34c-f81a-4674-8dcd-1582d59b0288,GE 53,Doors,18500,18,4,74000,14
31/12/2025,bfcd436f-18f8-4297-9931-36c1e5670d60,GE 120,Window,16000,18,4,64000,14
31/12/2025,ed89a15d-5ce2-4008-87fe-c7c2803d6c38,GE 110,Window,20000,17,6,120000,11
31/12/2025,947272da-97c7-4d73-ac89-7dcc3727aa33,GE 162,Window,18000,11,7,126000,4
31/12/2025,e34b546d-7b56-4f83-b8f7-3f27a4a89a3b,GE 108,Window,22500,12,7,157500,5
31/12/2025,c25f34c8-8678-4433-a4e1-58c99730f9ec,PD Door,Casement,13500,15,2,27000,13
31/12/2025,7f49f977-2bc6-4685-9de8-951c1a0302a5,GE 40,Casement,27500,15,9,247500,6
31/12/2025,508d4434-222f-4b32-9f5a-1476a1328abf,Top Hung,Sliding,29000,10,4,116000,6
31/12/2025,37835726-5665-42f5-8650-e32c11248a80,GE 157,Sliding,25950,17,4,103800,13
31/12/2025,8b7c8a04-4078-4c97-a4fc-0a02237b5f6a,Glass Railings,Railings,27500,12,3,82500,9
31/12/2025,a5c371f6-48a9-4ff2-bacb-ce938d78bae6,Canopy,Canopy,35500,9,4,142000,5
31/12/2025,ecafecf1-549a-464d-8d0b-f7e9f9b06758,Mullion 120,Curtain Wall,45000,18,7,315000,11
31/12/2025,12516a01-4422-47b7-baa8-cd8114dd57cd,GE 75,Door,28000,9,8,224000,1
31/12/2025,c96ec18d-fbf9-48a1-83e5-05a68a227a7f,GE 155,Door,22000,11,1,22000,10
31/12/2025,c5eda2cf-da7c-4097-905b-5e80ff178364,Shower Enclosure,Shower,16000,16,5,80000,11
31/12/2025,ef6562b3-fc34-4cd4-a306-1d4378d7f9f4,GE 155,Casement,22000,8,8,176000,0
31/12/2025,c436211f-2f1e-490d-910a-376005de373e,GE 220,Casement,18000,14,4,72000,10
31/12/2025,06ccee25-8910-4179-8598-0c5c86e8dddb,GE 88,Windows,22000,13,3,66000,10
31/12/2025,6b5d7df9-72a7-4e2a-ae12-4c7b63b0ce09,GE 167,Windows,25500,11,1,25500,10
31/12/2025,735034b4-daa2-4f3b-9b0c-2271f229bf34,GE 196,Windows,21500,8,7,150500,1
31/12/2025,6b1e998e-61c8-4852-bc43-fa12ee937bed,GE 173,Windows,12500,8,5,62500,3
31/12/2025,5558231e-211d-438e-be31-b84465237df9,GE 200,Windows,25500,9,6,153000,3
31/12/2025,d81c2f9c-1458-4d24-9f9b-369e4ac32b66,GE 201,Windows,15500,13,8,124000,5
31/12/2025,c07787b4-eca4-4122-b8f8-9853c61d4345,GE 250,Windows,29500,10,2,59000,8
31/12/2025,216a269f-65f9-4c21-8b5a-aead377717f3,GE 299,Windows,24500,18,6,147000,12
31/12/2025,2ec8374c-2898-4d99-ba50-479f446fd759,GE 166,Windows,15500,8,8,124000,0
31/12/2025,8fe30126-021d-4823-a675-9e1f929f2926,GE 232,Windows,10500,9,6,63000,3
31/12/2025,f3612a9a-f658-4eaf-bb03-13b68dea493e,GE 242,Canopy,29900,16,5,149500,11
31/12/2025,8c222d94-46c7-4051-a465-ee073f50fb57,GE 139,Canopy,30900,19,6,185400,13
31/12/2025,63864ea6-eb45-4a8c-be75-51e170f483b8,GE 240,Railings,25000,11,6,150000,5
31/12/2025,12516a01-4422-47b7-baa8-cd8114dd57cd,GE 245,Railings,29000,17,6,174000,11
31/12/2025,b5f2fc3d-3360-477d-829c-86ce2fc68a37,GE 246,Railings,29000,14,3,87000,11
31/12/2025,ef55b232-c0fa-4fa5-aae4-500f08643b10,GE 275,Curtain Wall,30500,18,8,244000,10
31/12/2025,c96ec18d-fbf9-48a1-83e5-05a68a227a7f,GE 195,Sliding,25000,19,3,75000,16
31/12/2025,f3612a9a-f658-4eaf-bb03-13b68dea493e,GE 243,Sliding,29000,17,4,116000,13
31/12/2025,de61d4ef-b3e7-49fa-824e-e2770097cd85,GE 192,Sliding,27500,13,6,165000,7
31/12/2025,fcdb2da0-0c77-44f3-8a05-d2a349b5a763,GE 75,Doors,28000,14,6,168000,8
31/12/2025,f22b8e3a-64a0-4f01-8977-721ecba85cce,GE 125,Doors,18000,15,8,144000,7
31/12/2025,86de73fe-1591-4fbe-9df5-33afede89921,GE 142,Doors,13500,8,8,108000,0
31/12/2025,94d632d2-74cd-456f-a632-cca1c5242f5e,GE 68,Doors,12000,18,1,12000,17
31/12/2025,07259106-c125-42f6-b701-0592a48bc669,GE 172,Doors,15000,13,7,105000,6
31/12/2025,04d35512-cec6-4e48-864e-4d5b6d08684d,GE 211,Doors,20000,11,4,80000,7
31/12/2025,7f66913b-cf98-4cd9-b556-8d87a7c81149,GE 89,Doors,15000,18,1,15000,17
31/12/2025,bab30b58-c96f-4634-9360-24b3d6cfed3a,GE 210,Doors,18000,10,7,126000,3
31/12/2025,50cc8925-653e-43d6-81c4-a48837225986,GE 90,Doors,18500,16,4,74000,12
31/12/2025,460012e9-0330-49a1-b02f-c89101310a7c,GE 255,Doors,20500,10,4,82000,6
31/12/2025,946c62b7-ced8-42ca-b8d7-fd8149781b85,GE 230,Doors,18500,19,7,129500,12
31/12/2025,3413b9e8-2970-4779-bb38-00b66378bf4c,GE 44,Doors,25900,12,1,25900,11
31/12/2025,9abc5851-c541-481b-b608-a8fd014cd5fe,GE 46,Doors,15500,19,10,155000,9